T_flach_E,T_flash_O,Voltage,ShuntVoltage,Temp,Time,mainWeight,Traction
3173.0,20368.0,22.0,2.0,34.0,0.0,-22.0,4.0
7357.0,10038.0,14.0,2.0,18.0,2.0,11.5,3.0
16717.0,587.0,11.0,2.0,18.0,29.0,9.0,1.0
15627.0,13890.0,21.0,2.0,8.0,79.0,8.0,4.0
13463.0,21821.0,5.0,0.0,5.0,130.0,-5.0,0.0
19601.0,21257.0,20.0,0.0,22.0,181.0,8.5,0.0
18413.0,9071.0,3.0,1.0,35.0,233.0,-14.5,2.0
19277.0,7139.0,12.0,2.0,18.0,284.0,13.5,0.0
6567.0,12336.0,7.0,1.0,28.0,335.0,-19.0,0.0
14657.0,21537.0,22.0,1.0,38.0,386.0,-1.0,0.0
2923.0,6617.0,16.0,2.0,24.0,438.0,5.5,0.0
5739.0,14451.0,24.0,0.0,1.0,489.0,13.5,4.0
7482.0,16914.0,5.0,0.0,23.0,539.0,-15.0,2.0
17525.0,10881.0,19.0,2.0,26.0,590.0,8.0,3.0
20244.0,18226.0,24.0,1.0,26.0,643.0,19.5,1.0
14.0,10826.0,6.0,1.0,36.0,695.0,7.5,1.0
16210.0,10554.0,23.0,2.0,31.0,743.0,-16.5,2.0
3207.0,14286.0,11.0,0.0,28.0,796.0,11.0,4.0
20379.0,18898.0,2.0,0.0,0.0,847.0,2.5,0.0
2102.0,21263.0,8.0,0.0,3.0,898.0,-5.5,1.0
7751.0,18257.0,12.0,1.0,12.0,947.0,1.0,0.0
21700.0,6755.0,23.0,1.0,1.0,997.0,-17.0,2.0
3326.0,8631.0,1.0,2.0,27.0,1047.0,4.0,2.0
12002.0,20762.0,5.0,1.0,23.0,1097.0,0.5,3.0
7104.0,15022.0,21.0,0.0,5.0,1150.0,11.5,1.0
23006.0,13285.0,6.0,0.0,27.0,1203.0,-2.0,3.0
19085.0,12428.0,20.0,2.0,26.0,1256.0,-1.0,1.0
4714.0,9324.0,23.0,0.0,15.0,1307.0,0.5,3.0
14269.0,849.0,0.0,0.0,10.0,1359.0,-9.0,4.0
7125.0,8879.0,9.0,2.0,26.0,1411.0,7.5,3.0
17657.0,5287.0,9.0,1.0,38.0,1462.0,-12.5,4.0
5239.0,11949.0,11.0,2.0,20.0,1514.0,19.0,1.0
4247.0,740.0,24.0,0.0,28.0,1565.0,-10.5,0.0
24056.0,18534.0,7.0,1.0,37.0,1616.0,10.5,0.0
24041.0,12208.0,19.0,1.0,22.0,1669.0,-4.5,4.0
13576.0,3636.0,20.0,1.0,38.0,1723.0,6.5,2.0
2038.0,14692.0,19.0,2.0,19.0,1776.0,6.5,4.0
23800.0,17253.0,0.0,0.0,21.0,1828.0,7.5,4.0
13238.0,8192.0,24.0,1.0,19.0,1881.0,-3.0,2.0
4726.0,9385.0,24.0,0.0,27.0,1934.0,-12.5,1.0
7641.0,17707.0,9.0,0.0,22.0,1986.0,-8.0,1.0
6356.0,5033.0,14.0,2.0,17.0,2037.0,23.0,2.0
10247.0,18238.0,24.0,1.0,28.0,2088.0,-8.0,3.0
3689.0,4197.0,23.0,2.0,30.0,2143.0,12.5,2.0
21056.0,9785.0,19.0,0.0,37.0,2195.0,-3.0,1.0
21725.0,6877.0,24.0,2.0,26.0,2247.0,7.0,2.0
15069.0,17347.0,20.0,1.0,10.0,2298.0,6.0,1.0
10464.0,13072.0,17.0,2.0,5.0,2353.0,6.0,2.0
17284.0,15925.0,0.0,0.0,25.0,2405.0,-5.0,3.0
19906.0,22782.0,3.0,1.0,7.0,2458.0,10.0,1.0
2703.0,5519.0,11.0,2.0,4.0,2509.0,-11.5,3.0
51.0,11009.0,7.0,2.0,32.0,2560.0,-7.0,4.0
21325.0,11128.0,1.0,1.0,26.0,2610.0,-13.0,4.0
899.0,2751.0,3.0,1.0,1.0,2662.0,7.0,2.0
23150.0,7752.0,22.0,0.0,11.0,2711.0,-9.5,2.0
22451.0,23008.0,17.0,2.0,32.0,2763.0,-0.5,4.0
8178.0,20393.0,22.0,2.0,39.0,2818.0,-2.0,2.0
14706.0,21781.0,23.0,1.0,7.0,2870.0,-3.0,1.0
1409.0,24049.0,3.0,1.0,30.0,2923.0,10.0,4.0
2663.0,24070.0,22.0,2.0,4.0,2975.0,-0.5,2.0
2843.0,18721.0,14.0,0.0,24.0,3024.0,2.5,3.0
11324.0,4875.0,14.0,2.0,25.0,3076.0,-18.5,2.0
12481.0,4408.0,5.0,2.0,22.0,3128.0,-1.0,4.0
15688.0,14195.0,23.0,2.0,29.0,3180.0,-7.0,2.0
5321.0,6111.0,1.0,1.0,23.0,3233.0,0.5,2.0
15755.0,2030.0,24.0,2.0,16.0,3284.0,9.0,2.0
6365.0,23829.0,2.0,0.0,26.0,3338.0,-18.0,1.0
11526.0,18382.0,19.0,0.0,27.0,3389.0,-19.5,1.0
15612.0,7563.0,8.0,2.0,33.0,3442.0,-7.5,3.0
2999.0,13249.0,5.0,0.0,20.0,3493.0,6.0,4.0
8062.0,7313.0,19.0,1.0,3.0,3546.0,8.0,2.0
15176.0,11631.0,10.0,1.0,37.0,3597.0,-13.5,2.0
8715.0,23078.0,11.0,1.0,16.0,3650.0,3.5,3.0
23055.0,13529.0,7.0,0.0,36.0,3702.0,21.5,4.0
17571.0,4859.0,7.0,0.0,32.0,3755.0,3.5,0.0
1638.0,18943.0,21.0,2.0,19.0,3807.0,-13.5,1.0
9630.0,2656.0,9.0,2.0,12.0,3860.0,-17.0,0.0
924.0,2873.0,4.0,2.0,25.0,3910.0,6.0,2.0
9893.0,16468.0,15.0,2.0,34.0,3959.0,-8.0,1.0
20913.0,15318.0,3.0,0.0,14.0,4012.0,-20.0,3.0
18358.0,21296.0,2.0,1.0,20.0,4064.0,-18.5,0.0
11605.0,6278.0,21.0,0.0,26.0,4116.0,9.0,3.0
10027.0,17140.0,19.0,1.0,8.0,4168.0,0.0,0.0
23000.0,755.0,5.0,1.0,21.0,4219.0,-7.5,2.0
9899.0,3999.0,15.0,0.0,0.0,4271.0,-2.0,3.0
5099.0,23747.0,8.0,1.0,0.0,4322.0,-19.5,1.0
17974.0,6874.0,17.0,0.0,35.0,4372.0,1.0,2.0
7900.0,254.0,3.0,0.0,1.0,4424.0,-1.5,0.0
9252.0,764.0,24.0,0.0,33.0,4471.0,9.0,3.0
6405.0,5278.0,16.0,0.0,26.0,4521.0,-4.5,3.0
8733.0,10670.0,11.0,2.0,34.0,4574.0,-3.5,2.0
613.0,13816.0,21.0,1.0,34.0,4626.0,-2.0,0.0
16418.0,11592.0,3.0,2.0,39.0,4678.0,13.5,2.0
15523.0,871.0,19.0,2.0,25.0,4731.0,5.0,2.0
7305.0,3529.0,1.0,2.0,6.0,4784.0,10.5,4.0
1137.0,16441.0,9.0,0.0,39.0,4833.0,-8.5,3.0
6396.0,11482.0,3.0,2.0,17.0,4885.0,-13.0,3.0
7455.0,10527.0,17.0,0.0,36.0,4937.0,8.5,4.0
13689.0,10450.0,10.0,2.0,30.0,4990.0,18.5,4.0
9475.0,8128.0,17.0,2.0,16.0,5044.0,4.0,4.0
4186.0,434.0,23.0,2.0,7.0,5094.0,4.0,2.0
7198.0,9245.0,10.0,0.0,19.0,5143.0,5.0,3.0
2886.0,6434.0,15.0,2.0,27.0,5194.0,19.5,2.0
625.0,13877.0,21.0,2.0,6.0,5245.0,10.5,2.0
9789.0,3450.0,13.0,2.0,10.0,5296.0,-10.0,4.0
14754.0,22026.0,24.0,2.0,15.0,5348.0,20.5,1.0
24895.0,16481.0,15.0,2.0,36.0,5401.0,15.0,3.0
24587.0,8689.0,20.0,1.0,8.0,5454.0,10.5,4.0
23205.0,20527.0,23.0,2.0,26.0,5506.0,19.0,4.0
5123.0,23869.0,9.0,2.0,24.0,5558.0,4.5,1.0
4717.0,15589.0,11.0,2.0,18.0,5610.0,3.5,2.0
6362.0,17564.0,14.0,1.0,23.0,5662.0,3.5,3.0
19433.0,1667.0,4.0,2.0,14.0,5715.0,-7.5,1.0
3304.0,14775.0,13.0,1.0,5.0,5767.0,7.5,0.0
17351.0,3761.0,2.0,0.0,13.0,5819.0,11.0,3.0
20949.0,15501.0,4.0,0.0,11.0,5870.0,16.5,0.0
23473.0,21870.0,5.0,0.0,14.0,5923.0,10.0,2.0
9298.0,19743.0,13.0,1.0,39.0,5977.0,4.5,1.0
12798.0,5995.0,13.0,0.0,19.0,6029.0,12.5,2.0
18349.0,2500.0,14.0,0.0,10.0,6082.0,-2.5,0.0
10326.0,6135.0,1.0,1.0,27.0,6135.0,20.5,0.0
23104.0,13774.0,8.0,1.0,5.0,6187.0,-5.0,0.0
16057.0,22291.0,19.0,1.0,39.0,6239.0,8.0,4.0
23562.0,3562.0,19.0,1.0,23.0,6292.0,-3.0,3.0
4992.0,4463.0,18.0,2.0,13.0,6345.0,0.0,1.0
19723.0,21867.0,23.0,1.0,24.0,6397.0,-21.0,1.0
2129.0,2650.0,21.0,2.0,30.0,6451.0,-3.0,4.0
11587.0,18687.0,20.0,1.0,8.0,6503.0,-9.5,4.0
7470.0,16853.0,5.0,0.0,11.0,6554.0,-1.5,4.0
24154.0,19023.0,9.0,2.0,15.0,6606.0,7.0,1.0
21014.0,22071.0,18.0,1.0,35.0,6660.0,4.5,2.0
7424.0,22874.0,16.0,2.0,5.0,6714.0,3.0,2.0
17760.0,18305.0,12.0,1.0,21.0,6765.0,-9.5,1.0
11397.0,5241.0,15.0,0.0,19.0,6819.0,4.0,3.0
22710.0,5555.0,11.0,2.0,11.0,6873.0,6.0,2.0
11074.0,16123.0,7.0,2.0,15.0,6926.0,9.5,3.0
10863.0,8821.0,15.0,0.0,5.0,6979.0,1.0,0.0
6454.0,5522.0,17.0,0.0,35.0,7030.0,19.0,3.0
7220.0,3102.0,23.0,1.0,1.0,7083.0,1.0,1.0
22536.0,23435.0,19.0,0.0,37.0,7134.0,9.0,2.0
11779.0,13398.0,12.0,2.0,0.0,7188.0,6.0,3.0
9322.0,19865.0,13.0,1.0,23.0,7241.0,3.5,1.0
24541.0,14710.0,6.0,0.0,2.0,7293.0,-10.0,2.0
16811.0,19810.0,1.0,1.0,32.0,7346.0,2.5,4.0
20507.0,7038.0,6.0,1.0,8.0,7399.0,3.5,3.0
20003.0,23271.0,6.0,0.0,25.0,7450.0,6.5,2.0
24676.0,15382.0,10.0,2.0,17.0,7503.0,-2.5,1.0
18899.0,5247.0,3.0,0.0,0.0,7557.0,-10.0,4.0
12047.0,14741.0,19.0,0.0,29.0,7607.0,-4.0,0.0
13497.0,15739.0,18.0,1.0,38.0,7661.0,3.0,0.0
7622.0,5116.0,8.0,1.0,4.0,7713.0,-1.0,2.0
3799.0,4747.0,0.0,1.0,20.0,7760.0,-4.0,1.0
11400.0,11506.0,3.0,2.0,22.0,7812.0,7.0,1.0
14803.0,22270.0,1.0,0.0,24.0,7864.0,-6.0,2.0
23382.0,8912.0,2.0,0.0,3.0,7917.0,-6.0,2.0
21511.0,18309.0,18.0,0.0,12.0,7968.0,21.0,1.0
18566.0,22334.0,7.0,1.0,27.0,8020.0,11.5,0.0
23922.0,17863.0,3.0,1.0,23.0,8074.0,3.0,1.0
21953.0,1771.0,17.0,0.0,15.0,8127.0,8.5,4.0
22036.0,20933.0,6.0,2.0,17.0,8180.0,14.5,4.0
8544.0,22224.0,7.0,1.0,5.0,8233.0,-15.5,1.0
15853.0,2519.0,2.0,0.0,34.0,8283.0,6.0,3.0
3338.0,8692.0,1.0,2.0,39.0,8335.0,-9.5,4.0
5373.0,12620.0,15.0,1.0,34.0,8385.0,1.5,0.0
6335.0,11177.0,1.0,1.0,36.0,8438.0,1.5,0.0
15597.0,1237.0,20.0,0.0,18.0,8487.0,2.5,2.0
17535.0,4676.0,6.0,2.0,36.0,8541.0,-8.0,2.0
21523.0,18370.0,19.0,0.0,24.0,8592.0,8.0,4.0
11938.0,14192.0,16.0,1.0,39.0,8645.0,-12.5,2.0
23153.0,14018.0,9.0,2.0,14.0,8698.0,-7.0,0.0
14544.0,14723.0,7.0,0.0,5.0,8750.0,12.0,3.0
20486.0,13182.0,18.0,2.0,27.0,8802.0,8.0,1.0
353.0,6269.0,2.0,1.0,14.0,8856.0,17.0,1.0
13521.0,15861.0,18.0,1.0,23.0,8905.0,2.0,0.0
19366.0,13832.0,2.0,0.0,27.0,8958.0,1.5,2.0
2260.0,22056.0,12.0,2.0,2.0,9012.0,1.5,0.0
21581.0,12409.0,7.0,2.0,2.0,9064.0,-9.5,4.0
11703.0,6767.0,23.0,1.0,4.0,9116.0,5.0,4.0
7000.0,2003.0,18.0,0.0,21.0,9168.0,9.0,3.0
16848.0,19993.0,2.0,2.0,29.0,9220.0,-11.0,2.0
622.0,7612.0,8.0,2.0,3.0,9273.0,7.0,4.0
17696.0,11735.0,23.0,1.0,37.0,9322.0,2.0,0.0
2447.0,4237.0,4.0,1.0,28.0,9376.0,-14.5,2.0
14248.0,6993.0,12.0,2.0,29.0,9425.0,-5.0,2.0
12475.0,16877.0,5.0,0.0,16.0,9479.0,-7.0,2.0
6502.0,5766.0,18.0,1.0,4.0,9532.0,-7.5,4.0
5706.0,20533.0,11.0,2.0,7.0,9583.0,-19.5,4.0
19460.0,8055.0,17.0,2.0,1.0,9634.0,-5.5,0.0
7140.0,15205.0,21.0,1.0,1.0,9684.0,-2.5,3.0
3121.0,13859.0,8.0,1.0,22.0,9737.0,1.5,0.0
16778.0,892.0,12.0,0.0,39.0,9787.0,-6.0,4.0
7485.0,23179.0,18.0,2.0,26.0,9838.0,13.5,0.0
9618.0,2595.0,8.0,2.0,39.0,9889.0,-4.5,2.0
7552.0,11015.0,19.0,2.0,13.0,9940.0,5.0,0.0
10662.0,20314.0,9.0,1.0,3.0,9994.0,2.0,2.0
3322.0,2366.0,13.0,0.0,24.0,10046.0,0.5,4.0
19909.0,4048.0,16.0,1.0,10.0,10097.0,13.0,4.0
19796.0,22233.0,0.0,0.0,17.0,10150.0,1.5,2.0
12359.0,3797.0,2.0,0.0,20.0,10205.0,3.5,3.0
6972.0,20616.0,5.0,1.0,34.0,10257.0,-18.0,0.0
13012.0,19563.0,18.0,2.0,33.0,10310.0,-1.0,3.0
14852.0,22514.0,2.0,0.0,33.0,10365.0,-8.0,2.0
21868.0,1344.0,15.0,1.0,9.0,10418.0,-1.5,1.0
18435.0,2928.0,16.0,2.0,16.0,10471.0,-18.5,4.0
13927.0,24140.0,16.0,1.0,28.0,10525.0,3.0,0.0
17721.0,11857.0,23.0,1.0,22.0,10580.0,1.0,0.0
14190.0,12953.0,23.0,0.0,11.0,10636.0,12.5,2.0
12710.0,24302.0,23.0,0.0,11.0,10689.0,0.5,1.0
22655.0,17781.0,9.0,0.0,36.0,10742.0,1.5,0.0
3402.0,15263.0,15.0,0.0,23.0,10797.0,4.0,1.0
14324.0,13624.0,1.0,2.0,25.0,10851.0,-4.5,1.0
14797.0,9739.0,0.0,1.0,18.0,10905.0,12.5,0.0
14196.0,483.0,23.0,2.0,17.0,10956.0,-6.0,3.0
21895.0,7731.0,3.0,1.0,37.0,11010.0,1.0,4.0
22271.0,3358.0,0.0,1.0,12.0,11061.0,-3.0,3.0
24697.0,9239.0,23.0,0.0,38.0,11114.0,-6.0,3.0
13549.0,22248.0,7.0,1.0,10.0,11167.0,-20.5,4.0
23202.0,14262.0,10.0,0.0,23.0,11219.0,-8.5,1.0
13030.0,7154.0,19.0,1.0,11.0,11275.0,17.0,2.0
17409.0,22801.0,16.0,1.0,31.0,11328.0,-6.5,3.0
20714.0,8076.0,11.0,1.0,16.0,11383.0,9.0,2.0
7320.0,9855.0,13.0,1.0,21.0,11437.0,0.5,0.0
11602.0,13.0,8.0,0.0,23.0,11489.0,-19.5,4.0
17934.0,425.0,4.0,0.0,35.0,11539.0,-12.5,1.0
10692.0,7966.0,10.0,0.0,34.0,11591.0,7.5,4.0
24251.0,19511.0,12.0,0.0,33.0,11645.0,3.5,2.0
17986.0,6935.0,18.0,0.0,7.0,11701.0,-11.5,0.0
1272.0,17112.0,12.0,2.0,13.0,11753.0,-0.5,2.0
8483.0,21919.0,5.0,0.0,24.0,11807.0,-0.5,3.0
23995.0,18229.0,5.0,0.0,16.0,11860.0,0.0,1.0
7183.0,2919.0,23.0,0.0,4.0,11915.0,-10.0,3.0
17422.0,22862.0,16.0,1.0,3.0,11967.0,-19.5,1.0
14086.0,24934.0,20.0,0.0,27.0,12019.0,10.0,0.0
6551.0,6010.0,19.0,2.0,12.0,12075.0,-9.5,4.0
4192.0,12965.0,23.0,0.0,13.0,12127.0,-15.0,3.0
16384.0,17674.0,15.0,1.0,5.0,12180.0,5.5,2.0
2502.0,17012.0,5.0,0.0,3.0,12234.0,-10.0,4.0
21920.0,7853.0,3.0,1.0,21.0,12285.0,-0.5,4.0
9014.0,12074.0,18.0,1.0,35.0,12339.0,-1.0,2.0
23159.0,1548.0,9.0,1.0,20.0,12393.0,-1.0,1.0
23730.0,23152.0,11.0,1.0,31.0,12446.0,12.5,2.0
20101.0,23759.0,8.0,1.0,2.0,12502.0,3.0,3.0
21648.0,245.0,9.0,1.0,29.0,12554.0,-18.5,3.0
12746.0,24485.0,24.0,0.0,7.0,12605.0,11.5,3.0
2770.0,18354.0,12.0,1.0,31.0,12659.0,5.0,2.0
1095.0,3727.0,8.0,1.0,36.0,12712.0,-0.5,4.0
17095.0,2479.0,20.0,2.0,36.0,12765.0,8.0,3.0
10146.0,11485.0,9.0,0.0,7.0,12817.0,17.5,3.0
14623.0,2619.0,9.0,2.0,4.0,12869.0,-9.0,0.0
14901.0,22758.0,3.0,1.0,2.0,12921.0,-10.0,3.0
20354.0,18775.0,2.0,0.0,15.0,12975.0,3.0,0.0
15359.0,12547.0,14.0,1.0,20.0,13029.0,-7.5,1.0
9289.0,947.0,0.0,0.0,30.0,13083.0,-4.5,1.0
11520.0,5851.0,18.0,1.0,21.0,13134.0,-1.0,4.0
6426.0,24134.0,4.0,1.0,7.0,13188.0,-8.0,0.0
3384.0,2671.0,15.0,1.0,5.0,13240.0,-14.0,2.0
11767.0,13337.0,12.0,1.0,28.0,13292.0,-6.5,0.0
15951.0,3007.0,4.0,2.0,12.0,13345.0,2.5,4.0
310.0,18556.0,1.0,2.0,12.0,13399.0,0.0,2.0
24221.0,6858.0,11.0,1.0,2.0,13449.0,-1.5,0.0
22057.0,14790.0,19.0,0.0,38.0,13502.0,10.5,2.0
3194.0,14225.0,10.0,0.0,15.0,13557.0,-1.0,1.0
2007.0,2040.0,18.0,1.0,28.0,13611.0,1.0,3.0
2871.0,108.0,2.0,2.0,12.0,13664.0,4.5,1.0
15160.0,5305.0,22.0,1.0,21.0,13715.0,-3.5,1.0
23250.0,14506.0,12.0,0.0,32.0,13768.0,-10.5,1.0
11516.0,24586.0,6.0,2.0,18.0,13821.0,-3.5,1.0
14333.0,7420.0,14.0,0.0,34.0,13876.0,4.5,0.0
16076.0,9883.0,20.0,0.0,17.0,13930.0,1.0,3.0
1119.0,3849.0,8.0,1.0,20.0,13984.0,23.5,4.0
3838.0,11195.0,14.0,1.0,19.0,14035.0,10.0,2.0
8608.0,3794.0,21.0,1.0,29.0,14090.0,-2.0,2.0
24804.0,3523.0,13.0,2.0,25.0,14142.0,-0.5,3.0
11800.0,7255.0,0.0,0.0,21.0,14196.0,1.5,0.0
3973.0,11866.0,17.0,0.0,34.0,14249.0,18.0,1.0
10696.0,14231.0,23.0,0.0,37.0,14303.0,-15.0,2.0
16344.0,11225.0,2.0,1.0,5.0,14358.0,-9.0,1.0
5294.0,24723.0,13.0,1.0,35.0,14410.0,-1.5,3.0
3173.0,20368.0,22.0,2.0,34.0,0.0,-22.0,4.0
7357.0,10038.0,14.0,2.0,18.0,2.0,11.5,3.0
16717.0,587.0,11.0,2.0,18.0,29.0,9.0,1.0
15627.0,13890.0,21.0,2.0,8.0,79.0,8.0,4.0
13463.0,21821.0,5.0,0.0,5.0,130.0,-5.0,0.0
19601.0,21257.0,20.0,0.0,22.0,181.0,8.5,0.0
18413.0,9071.0,3.0,1.0,35.0,233.0,-14.5,2.0
19277.0,7139.0,12.0,2.0,18.0,284.0,13.5,0.0
6567.0,12336.0,7.0,1.0,28.0,335.0,-19.0,0.0
14657.0,21537.0,22.0,1.0,38.0,386.0,-1.0,0.0
2923.0,6617.0,16.0,2.0,24.0,438.0,5.5,0.0
5739.0,14451.0,24.0,0.0,1.0,489.0,13.5,4.0
7482.0,16914.0,5.0,0.0,23.0,539.0,-15.0,2.0
17525.0,10881.0,19.0,2.0,26.0,590.0,8.0,3.0
20244.0,18226.0,24.0,1.0,26.0,643.0,19.5,1.0
14.0,10826.0,6.0,1.0,36.0,695.0,7.5,1.0
16210.0,10554.0,23.0,2.0,31.0,743.0,-16.5,2.0
3207.0,14286.0,11.0,0.0,28.0,796.0,11.0,4.0
20379.0,18898.0,2.0,0.0,0.0,847.0,2.5,0.0
2102.0,21263.0,8.0,0.0,3.0,898.0,-5.5,1.0
7751.0,18257.0,12.0,1.0,12.0,947.0,1.0,0.0
21700.0,6755.0,23.0,1.0,1.0,997.0,-17.0,2.0
3326.0,8631.0,1.0,2.0,27.0,1047.0,4.0,2.0
12002.0,20762.0,5.0,1.0,23.0,1097.0,0.5,3.0
7104.0,15022.0,21.0,0.0,5.0,1150.0,11.5,1.0
23006.0,13285.0,6.0,0.0,27.0,1203.0,-2.0,3.0
19085.0,12428.0,20.0,2.0,26.0,1256.0,-1.0,1.0
4714.0,9324.0,23.0,0.0,15.0,1307.0,0.5,3.0
14269.0,849.0,0.0,0.0,10.0,1359.0,-9.0,4.0
7125.0,8879.0,9.0,2.0,26.0,1411.0,7.5,3.0
17657.0,5287.0,9.0,1.0,38.0,1462.0,-12.5,4.0
5239.0,11949.0,11.0,2.0,20.0,1514.0,19.0,1.0
4247.0,740.0,24.0,0.0,28.0,1565.0,-10.5,0.0
24056.0,18534.0,7.0,1.0,37.0,1616.0,10.5,0.0
24041.0,12208.0,19.0,1.0,22.0,1669.0,-4.5,4.0
13576.0,3636.0,20.0,1.0,38.0,1723.0,6.5,2.0
2038.0,14692.0,19.0,2.0,19.0,1776.0,6.5,4.0
23800.0,17253.0,0.0,0.0,21.0,1828.0,7.5,4.0
13238.0,8192.0,24.0,1.0,19.0,1881.0,-3.0,2.0
4726.0,9385.0,24.0,0.0,27.0,1934.0,-12.5,1.0
7641.0,17707.0,9.0,0.0,22.0,1986.0,-8.0,1.0
6356.0,5033.0,14.0,2.0,17.0,2037.0,23.0,2.0
10247.0,18238.0,24.0,1.0,28.0,2088.0,-8.0,3.0
3689.0,4197.0,23.0,2.0,30.0,2143.0,12.5,2.0
21056.0,9785.0,19.0,0.0,37.0,2195.0,-3.0,1.0
21725.0,6877.0,24.0,2.0,26.0,2247.0,7.0,2.0
15069.0,17347.0,20.0,1.0,10.0,2298.0,6.0,1.0
10464.0,13072.0,17.0,2.0,5.0,2353.0,6.0,2.0
17284.0,15925.0,0.0,0.0,25.0,2405.0,-5.0,3.0
19906.0,22782.0,3.0,1.0,7.0,2458.0,10.0,1.0
2703.0,5519.0,11.0,2.0,4.0,2509.0,-11.5,3.0
51.0,11009.0,7.0,2.0,32.0,2560.0,-7.0,4.0
21325.0,11128.0,1.0,1.0,26.0,2610.0,-13.0,4.0
899.0,2751.0,3.0,1.0,1.0,2662.0,7.0,2.0
23150.0,7752.0,22.0,0.0,11.0,2711.0,-9.5,2.0
22451.0,23008.0,17.0,2.0,32.0,2763.0,-0.5,4.0
8178.0,20393.0,22.0,2.0,39.0,2818.0,-2.0,2.0
14706.0,21781.0,23.0,1.0,7.0,2870.0,-3.0,1.0
1409.0,24049.0,3.0,1.0,30.0,2923.0,10.0,4.0
2663.0,24070.0,22.0,2.0,4.0,2975.0,-0.5,2.0
2843.0,18721.0,14.0,0.0,24.0,3024.0,2.5,3.0
11324.0,4875.0,14.0,2.0,25.0,3076.0,-18.5,2.0
12481.0,4408.0,5.0,2.0,22.0,3128.0,-1.0,4.0
15688.0,14195.0,23.0,2.0,29.0,3180.0,-7.0,2.0
5321.0,6111.0,1.0,1.0,23.0,3233.0,0.5,2.0
15755.0,2030.0,24.0,2.0,16.0,3284.0,9.0,2.0
6365.0,23829.0,2.0,0.0,26.0,3338.0,-18.0,1.0
11526.0,18382.0,19.0,0.0,27.0,3389.0,-19.5,1.0
15612.0,7563.0,8.0,2.0,33.0,3442.0,-7.5,3.0
2999.0,13249.0,5.0,0.0,20.0,3493.0,6.0,4.0
8062.0,7313.0,19.0,1.0,3.0,3546.0,8.0,2.0
15176.0,11631.0,10.0,1.0,37.0,3597.0,-13.5,2.0
8715.0,23078.0,11.0,1.0,16.0,3650.0,3.5,3.0
23055.0,13529.0,7.0,0.0,36.0,3702.0,21.5,4.0
17571.0,4859.0,7.0,0.0,32.0,3755.0,3.5,0.0
1638.0,18943.0,21.0,2.0,19.0,3807.0,-13.5,1.0
9630.0,2656.0,9.0,2.0,12.0,3860.0,-17.0,0.0
924.0,2873.0,4.0,2.0,25.0,3910.0,6.0,2.0
9893.0,16468.0,15.0,2.0,34.0,3959.0,-8.0,1.0
20913.0,15318.0,3.0,0.0,14.0,4012.0,-20.0,3.0
18358.0,21296.0,2.0,1.0,20.0,4064.0,-18.5,0.0
11605.0,6278.0,21.0,0.0,26.0,4116.0,9.0,3.0
10027.0,17140.0,19.0,1.0,8.0,4168.0,0.0,0.0
23000.0,755.0,5.0,1.0,21.0,4219.0,-7.5,2.0
9899.0,3999.0,15.0,0.0,0.0,4271.0,-2.0,3.0
5099.0,23747.0,8.0,1.0,0.0,4322.0,-19.5,1.0
17974.0,6874.0,17.0,0.0,35.0,4372.0,1.0,2.0
7900.0,254.0,3.0,0.0,1.0,4424.0,-1.5,0.0
9252.0,764.0,24.0,0.0,33.0,4471.0,9.0,3.0
6405.0,5278.0,16.0,0.0,26.0,4521.0,-4.5,3.0
8733.0,10670.0,11.0,2.0,34.0,4574.0,-3.5,2.0
613.0,13816.0,21.0,1.0,34.0,4626.0,-2.0,0.0
16418.0,11592.0,3.0,2.0,39.0,4678.0,13.5,2.0
15523.0,871.0,19.0,2.0,25.0,4731.0,5.0,2.0
7305.0,3529.0,1.0,2.0,6.0,4784.0,10.5,4.0
1137.0,16441.0,9.0,0.0,39.0,4833.0,-8.5,3.0
6396.0,11482.0,3.0,2.0,17.0,4885.0,-13.0,3.0
7455.0,10527.0,17.0,0.0,36.0,4937.0,8.5,4.0
13689.0,10450.0,10.0,2.0,30.0,4990.0,18.5,4.0
9475.0,8128.0,17.0,2.0,16.0,5044.0,4.0,4.0
4186.0,434.0,23.0,2.0,7.0,5094.0,4.0,2.0
7198.0,9245.0,10.0,0.0,19.0,5143.0,5.0,3.0
2886.0,6434.0,15.0,2.0,27.0,5194.0,19.5,2.0
625.0,13877.0,21.0,2.0,6.0,5245.0,10.5,2.0
9789.0,3450.0,13.0,2.0,10.0,5296.0,-10.0,4.0
14754.0,22026.0,24.0,2.0,15.0,5348.0,20.5,1.0
24895.0,16481.0,15.0,2.0,36.0,5401.0,15.0,3.0
24587.0,8689.0,20.0,1.0,8.0,5454.0,10.5,4.0
23205.0,20527.0,23.0,2.0,26.0,5506.0,19.0,4.0
5123.0,23869.0,9.0,2.0,24.0,5558.0,4.5,1.0
4717.0,15589.0,11.0,2.0,18.0,5610.0,3.5,2.0
6362.0,17564.0,14.0,1.0,23.0,5662.0,3.5,3.0
19433.0,1667.0,4.0,2.0,14.0,5715.0,-7.5,1.0
3304.0,14775.0,13.0,1.0,5.0,5767.0,7.5,0.0
17351.0,3761.0,2.0,0.0,13.0,5819.0,11.0,3.0
20949.0,15501.0,4.0,0.0,11.0,5870.0,16.5,0.0
23473.0,21870.0,5.0,0.0,14.0,5923.0,10.0,2.0
9298.0,19743.0,13.0,1.0,39.0,5977.0,4.5,1.0
12798.0,5995.0,13.0,0.0,19.0,6029.0,12.5,2.0
18349.0,2500.0,14.0,0.0,10.0,6082.0,-2.5,0.0
10326.0,6135.0,1.0,1.0,27.0,6135.0,20.5,0.0
23104.0,13774.0,8.0,1.0,5.0,6187.0,-5.0,0.0
16057.0,22291.0,19.0,1.0,39.0,6239.0,8.0,4.0
23562.0,3562.0,19.0,1.0,23.0,6292.0,-3.0,3.0
4992.0,4463.0,18.0,2.0,13.0,6345.0,0.0,1.0
19723.0,21867.0,23.0,1.0,24.0,6397.0,-21.0,1.0
2129.0,2650.0,21.0,2.0,30.0,6451.0,-3.0,4.0
11587.0,18687.0,20.0,1.0,8.0,6503.0,-9.5,4.0
7470.0,16853.0,5.0,0.0,11.0,6554.0,-1.5,4.0
24154.0,19023.0,9.0,2.0,15.0,6606.0,7.0,1.0
21014.0,22071.0,18.0,1.0,35.0,6660.0,4.5,2.0
7424.0,22874.0,16.0,2.0,5.0,6714.0,3.0,2.0
17760.0,18305.0,12.0,1.0,21.0,6765.0,-9.5,1.0
11397.0,5241.0,15.0,0.0,19.0,6819.0,4.0,3.0
22710.0,5555.0,11.0,2.0,11.0,6873.0,6.0,2.0
11074.0,16123.0,7.0,2.0,15.0,6926.0,9.5,3.0
10863.0,8821.0,15.0,0.0,5.0,6979.0,1.0,0.0
6454.0,5522.0,17.0,0.0,35.0,7030.0,19.0,3.0
7220.0,3102.0,23.0,1.0,1.0,7083.0,1.0,1.0
22536.0,23435.0,19.0,0.0,37.0,7134.0,9.0,2.0
11779.0,13398.0,12.0,2.0,0.0,7188.0,6.0,3.0
9322.0,19865.0,13.0,1.0,23.0,7241.0,3.5,1.0
24541.0,14710.0,6.0,0.0,2.0,7293.0,-10.0,2.0
16811.0,19810.0,1.0,1.0,32.0,7346.0,2.5,4.0
20507.0,7038.0,6.0,1.0,8.0,7399.0,3.5,3.0
20003.0,23271.0,6.0,0.0,25.0,7450.0,6.5,2.0
24676.0,15382.0,10.0,2.0,17.0,7503.0,-2.5,1.0
18899.0,5247.0,3.0,0.0,0.0,7557.0,-10.0,4.0
12047.0,14741.0,19.0,0.0,29.0,7607.0,-4.0,0.0
13497.0,15739.0,18.0,1.0,38.0,7661.0,3.0,0.0
7622.0,5116.0,8.0,1.0,4.0,7713.0,-1.0,2.0
3799.0,4747.0,0.0,1.0,20.0,7760.0,-4.0,1.0
11400.0,11506.0,3.0,2.0,22.0,7812.0,7.0,1.0
14803.0,22270.0,1.0,0.0,24.0,7864.0,-6.0,2.0
23382.0,8912.0,2.0,0.0,3.0,7917.0,-6.0,2.0
21511.0,18309.0,18.0,0.0,12.0,7968.0,21.0,1.0
18566.0,22334.0,7.0,1.0,27.0,8020.0,11.5,0.0
23922.0,17863.0,3.0,1.0,23.0,8074.0,3.0,1.0
21953.0,1771.0,17.0,0.0,15.0,8127.0,8.5,4.0
22036.0,20933.0,6.0,2.0,17.0,8180.0,14.5,4.0
8544.0,22224.0,7.0,1.0,5.0,8233.0,-15.5,1.0
15853.0,2519.0,2.0,0.0,34.0,8283.0,6.0,3.0
3338.0,8692.0,1.0,2.0,39.0,8335.0,-9.5,4.0
5373.0,12620.0,15.0,1.0,34.0,8385.0,1.5,0.0
6335.0,11177.0,1.0,1.0,36.0,8438.0,1.5,0.0
15597.0,1237.0,20.0,0.0,18.0,8487.0,2.5,2.0
17535.0,4676.0,6.0,2.0,36.0,8541.0,-8.0,2.0
21523.0,18370.0,19.0,0.0,24.0,8592.0,8.0,4.0
11938.0,14192.0,16.0,1.0,39.0,8645.0,-12.5,2.0
23153.0,14018.0,9.0,2.0,14.0,8698.0,-7.0,0.0
14544.0,14723.0,7.0,0.0,5.0,8750.0,12.0,3.0
20486.0,13182.0,18.0,2.0,27.0,8802.0,8.0,1.0
353.0,6269.0,2.0,1.0,14.0,8856.0,17.0,1.0
13521.0,15861.0,18.0,1.0,23.0,8905.0,2.0,0.0
19366.0,13832.0,2.0,0.0,27.0,8958.0,1.5,2.0
2260.0,22056.0,12.0,2.0,2.0,9012.0,1.5,0.0
21581.0,12409.0,7.0,2.0,2.0,9064.0,-9.5,4.0
11703.0,6767.0,23.0,1.0,4.0,9116.0,5.0,4.0
7000.0,2003.0,18.0,0.0,21.0,9168.0,9.0,3.0
16848.0,19993.0,2.0,2.0,29.0,9220.0,-11.0,2.0
622.0,7612.0,8.0,2.0,3.0,9273.0,7.0,4.0
17696.0,11735.0,23.0,1.0,37.0,9322.0,2.0,0.0
2447.0,4237.0,4.0,1.0,28.0,9376.0,-14.5,2.0
14248.0,6993.0,12.0,2.0,29.0,9425.0,-5.0,2.0
12475.0,16877.0,5.0,0.0,16.0,9479.0,-7.0,2.0
6502.0,5766.0,18.0,1.0,4.0,9532.0,-7.5,4.0
5706.0,20533.0,11.0,2.0,7.0,9583.0,-19.5,4.0
19460.0,8055.0,17.0,2.0,1.0,9634.0,-5.5,0.0
7140.0,15205.0,21.0,1.0,1.0,9684.0,-2.5,3.0
3121.0,13859.0,8.0,1.0,22.0,9737.0,1.5,0.0
16778.0,892.0,12.0,0.0,39.0,9787.0,-6.0,4.0
7485.0,23179.0,18.0,2.0,26.0,9838.0,13.5,0.0
9618.0,2595.0,8.0,2.0,39.0,9889.0,-4.5,2.0
7552.0,11015.0,19.0,2.0,13.0,9940.0,5.0,0.0
10662.0,20314.0,9.0,1.0,3.0,9994.0,2.0,2.0
3322.0,2366.0,13.0,0.0,24.0,10046.0,0.5,4.0
19909.0,4048.0,16.0,1.0,10.0,10097.0,13.0,4.0
19796.0,22233.0,0.0,0.0,17.0,10150.0,1.5,2.0
12359.0,3797.0,2.0,0.0,20.0,10205.0,3.5,3.0
6972.0,20616.0,5.0,1.0,34.0,10257.0,-18.0,0.0
13012.0,19563.0,18.0,2.0,33.0,10310.0,-1.0,3.0
14852.0,22514.0,2.0,0.0,33.0,10365.0,-8.0,2.0
21868.0,1344.0,15.0,1.0,9.0,10418.0,-1.5,1.0
18435.0,2928.0,16.0,2.0,16.0,10471.0,-18.5,4.0
13927.0,24140.0,16.0,1.0,28.0,10525.0,3.0,0.0
17721.0,11857.0,23.0,1.0,22.0,10580.0,1.0,0.0
14190.0,12953.0,23.0,0.0,11.0,10636.0,12.5,2.0
12710.0,24302.0,23.0,0.0,11.0,10689.0,0.5,1.0
22655.0,17781.0,9.0,0.0,36.0,10742.0,1.5,0.0
3402.0,15263.0,15.0,0.0,23.0,10797.0,4.0,1.0
14324.0,13624.0,1.0,2.0,25.0,10851.0,-4.5,1.0
14797.0,9739.0,0.0,1.0,18.0,10905.0,12.5,0.0
14196.0,483.0,23.0,2.0,17.0,10956.0,-6.0,3.0
21895.0,7731.0,3.0,1.0,37.0,11010.0,1.0,4.0
22271.0,3358.0,0.0,1.0,12.0,11061.0,-3.0,3.0
24697.0,9239.0,23.0,0.0,38.0,11114.0,-6.0,3.0
13549.0,22248.0,7.0,1.0,10.0,11167.0,-20.5,4.0
23202.0,14262.0,10.0,0.0,23.0,11219.0,-8.5,1.0
13030.0,7154.0,19.0,1.0,11.0,11275.0,17.0,2.0
17409.0,22801.0,16.0,1.0,31.0,11328.0,-6.5,3.0
20714.0,8076.0,11.0,1.0,16.0,11383.0,9.0,2.0
7320.0,9855.0,13.0,1.0,21.0,11437.0,0.5,0.0
11602.0,13.0,8.0,0.0,23.0,11489.0,-19.5,4.0
17934.0,425.0,4.0,0.0,35.0,11539.0,-12.5,1.0
10692.0,7966.0,10.0,0.0,34.0,11591.0,7.5,4.0
24251.0,19511.0,12.0,0.0,33.0,11645.0,3.5,2.0
17986.0,6935.0,18.0,0.0,7.0,11701.0,-11.5,0.0
1272.0,17112.0,12.0,2.0,13.0,11753.0,-0.5,2.0
8483.0,21919.0,5.0,0.0,24.0,11807.0,-0.5,3.0
23995.0,18229.0,5.0,0.0,16.0,11860.0,0.0,1.0
7183.0,2919.0,23.0,0.0,4.0,11915.0,-10.0,3.0
17422.0,22862.0,16.0,1.0,3.0,11967.0,-19.5,1.0
14086.0,24934.0,20.0,0.0,27.0,12019.0,10.0,0.0
6551.0,6010.0,19.0,2.0,12.0,12075.0,-9.5,4.0
4192.0,12965.0,23.0,0.0,13.0,12127.0,-15.0,3.0
16384.0,17674.0,15.0,1.0,5.0,12180.0,5.5,2.0
2502.0,17012.0,5.0,0.0,3.0,12234.0,-10.0,4.0
21920.0,7853.0,3.0,1.0,21.0,12285.0,-0.5,4.0
9014.0,12074.0,18.0,1.0,35.0,12339.0,-1.0,2.0
23159.0,1548.0,9.0,1.0,20.0,12393.0,-1.0,1.0
23730.0,23152.0,11.0,1.0,31.0,12446.0,12.5,2.0
20101.0,23759.0,8.0,1.0,2.0,12502.0,3.0,3.0
21648.0,245.0,9.0,1.0,29.0,12554.0,-18.5,3.0
12746.0,24485.0,24.0,0.0,7.0,12605.0,11.5,3.0
2770.0,18354.0,12.0,1.0,31.0,12659.0,5.0,2.0
1095.0,3727.0,8.0,1.0,36.0,12712.0,-0.5,4.0
17095.0,2479.0,20.0,2.0,36.0,12765.0,8.0,3.0
10146.0,11485.0,9.0,0.0,7.0,12817.0,17.5,3.0
14623.0,2619.0,9.0,2.0,4.0,12869.0,-9.0,0.0
14901.0,22758.0,3.0,1.0,2.0,12921.0,-10.0,3.0
20354.0,18775.0,2.0,0.0,15.0,12975.0,3.0,0.0
15359.0,12547.0,14.0,1.0,20.0,13029.0,-7.5,1.0
9289.0,947.0,0.0,0.0,30.0,13083.0,-4.5,1.0
11520.0,5851.0,18.0,1.0,21.0,13134.0,-1.0,4.0
6426.0,24134.0,4.0,1.0,7.0,13188.0,-8.0,0.0
3384.0,2671.0,15.0,1.0,5.0,13240.0,-14.0,2.0
11767.0,13337.0,12.0,1.0,28.0,13292.0,-6.5,0.0
15951.0,3007.0,4.0,2.0,12.0,13345.0,2.5,4.0
310.0,18556.0,1.0,2.0,12.0,13399.0,0.0,2.0
24221.0,6858.0,11.0,1.0,2.0,13449.0,-1.5,0.0
22057.0,14790.0,19.0,0.0,38.0,13502.0,10.5,2.0
3194.0,14225.0,10.0,0.0,15.0,13557.0,-1.0,1.0
2007.0,2040.0,18.0,1.0,28.0,13611.0,1.0,3.0
2871.0,108.0,2.0,2.0,12.0,13664.0,4.5,1.0
15160.0,5305.0,22.0,1.0,21.0,13715.0,-3.5,1.0
23250.0,14506.0,12.0,0.0,32.0,13768.0,-10.5,1.0
11516.0,24586.0,6.0,2.0,18.0,13821.0,-3.5,1.0
14333.0,7420.0,14.0,0.0,34.0,13876.0,4.5,0.0
16076.0,9883.0,20.0,0.0,17.0,13930.0,1.0,3.0
1119.0,3849.0,8.0,1.0,20.0,13984.0,23.5,4.0
3838.0,11195.0,14.0,1.0,19.0,14035.0,10.0,2.0
8608.0,3794.0,21.0,1.0,29.0,14090.0,-2.0,2.0
24804.0,3523.0,13.0,2.0,25.0,14142.0,-0.5,3.0
11800.0,7255.0,0.0,0.0,21.0,14196.0,1.5,0.0
3973.0,11866.0,17.0,0.0,34.0,14249.0,18.0,1.0
10696.0,14231.0,23.0,0.0,37.0,14303.0,-15.0,2.0
16344.0,11225.0,2.0,1.0,5.0,14358.0,-9.0,1.0
5294.0,24723.0,13.0,1.0,35.0,14410.0,-1.5,3.0
11919.0,1600.0,16.0,2.0,20.0,14465.0,-6.0,3.0
20595.0,13731.0,20.0,1.0,17.0,14519.0,-8.5,4.0
15697.0,7991.0,10.0,0.0,38.0,14574.0,2.0,2.0
6600.0,6254.0,20.0,0.0,21.0,14628.0,-11.0,0.0
2679.0,5397.0,10.0,2.0,20.0,14681.0,-10.5,2.0
13308.0,2293.0,13.0,0.0,9.0,14733.0,16.5,4.0
22863.0,18818.0,15.0,0.0,4.0,14786.0,6.5,0.0
15719.0,1847.0,23.0,1.0,20.0,14839.0,-2.0,4.0
1250.0,23255.0,24.0,1.0,31.0,14894.0,3.5,0.0
13833.0,4917.0,1.0,2.0,14.0,14947.0,10.0,3.0
12841.0,18708.0,14.0,0.0,22.0,15000.0,4.5,1.0
7650.0,11503.0,22.0,0.0,31.0,15055.0,1.0,1.0
7635.0,5177.0,9.0,1.0,16.0,15110.0,11.5,0.0
22170.0,21604.0,10.0,1.0,31.0,15161.0,-2.5,3.0
10631.0,7661.0,9.0,2.0,13.0,15215.0,-3.0,0.0
7394.0,10221.0,15.0,0.0,15.0,15268.0,-2.0,0.0
21831.0,1161.0,14.0,1.0,13.0,15323.0,12.5,3.0
13320.0,2354.0,13.0,0.0,21.0,15376.0,3.0,2.0
16234.0,10676.0,24.0,2.0,16.0,15430.0,8.0,2.0
14950.0,23002.0,4.0,2.0,11.0,15484.0,-12.0,3.0
18841.0,11207.0,14.0,1.0,22.0,15538.0,8.0,4.0
12282.0,22166.0,12.0,2.0,24.0,15592.0,-22.0,4.0
4650.0,2754.0,9.0,0.0,31.0,15646.0,-13.0,2.0
5318.0,24845.0,13.0,1.0,19.0,15698.0,-2.0,4.0
23662.0,10316.0,9.0,1.0,4.0,15752.0,-3.5,2.0
19057.0,6040.0,7.0,2.0,38.0,15803.0,-3.0,3.0
878.0,8894.0,15.0,0.0,19.0,15856.0,10.5,0.0
3499.0,15751.0,18.0,1.0,1.0,15908.0,0.5,2.0
11297.0,23487.0,0.0,2.0,38.0,15962.0,4.0,4.0
8645.0,3977.0,22.0,2.0,26.0,16015.0,9.0,0.0
4919.0,4096.0,16.0,1.0,20.0,16067.0,-22.0,0.0
9493.0,20719.0,18.0,1.0,34.0,16119.0,-3.0,3.0
6744.0,721.0,12.0,0.0,5.0,16174.0,5.5,3.0
6045.0,15977.0,7.0,2.0,26.0,16225.0,-10.0,0.0
16772.0,13362.0,12.0,1.0,33.0,16277.0,-11.5,3.0
23299.0,14750.0,13.0,1.0,0.0,16332.0,13.0,2.0
10003.0,17018.0,18.0,0.0,24.0,16386.0,1.0,0.0
11257.0,17039.0,12.0,2.0,38.0,16441.0,-10.0,3.0
11437.0,11689.0,4.0,2.0,18.0,16495.0,-7.0,4.0
19918.0,22843.0,3.0,1.0,19.0,16547.0,-3.0,3.0
21075.0,22377.0,20.0,2.0,16.0,16602.0,15.0,0.0
24282.0,7164.0,12.0,2.0,23.0,16656.0,8.5,3.0
13915.0,24079.0,16.0,1.0,16.0,16710.0,16.5,3.0
24349.0,19999.0,14.0,2.0,10.0,16765.0,0.0,3.0
14959.0,16798.0,17.0,0.0,20.0,16821.0,-3.0,3.0
20119.0,11351.0,8.0,0.0,20.0,16875.0,-4.0,2.0
24206.0,532.0,23.0,2.0,27.0,16928.0,8.5,4.0
11593.0,6217.0,20.0,0.0,14.0,16982.0,21.5,0.0
16656.0,282.0,9.0,1.0,37.0,17035.0,-1.0,3.0
23769.0,4600.0,0.0,1.0,30.0,17087.0,2.0,3.0
17309.0,16047.0,1.0,1.0,10.0,17139.0,19.0,4.0
6649.0,6498.0,22.0,0.0,30.0,17192.0,-12.5,0.0
1165.0,22828.0,22.0,0.0,26.0,17245.0,-6.0,1.0
10232.0,11912.0,11.0,2.0,13.0,17298.0,2.0,2.0
18224.0,20625.0,24.0,2.0,5.0,17353.0,-1.0,1.0
9518.0,20841.0,18.0,1.0,19.0,17404.0,21.5,3.0
18487.0,9437.0,5.0,2.0,28.0,17458.0,-17.0,2.0
4507.0,8287.0,18.0,0.0,8.0,17510.0,-4.5,4.0
1952.0,14265.0,17.0,1.0,13.0,17561.0,-3.5,1.0
20199.0,24247.0,10.0,0.0,20.0,17613.0,-0.5,4.0
18621.0,10108.0,8.0,1.0,2.0,17669.0,-9.5,1.0
6594.0,18724.0,20.0,1.0,15.0,17721.0,8.0,3.0
18493.0,21968.0,5.0,0.0,34.0,17775.0,14.0,4.0
13692.0,16716.0,23.0,1.0,33.0,17829.0,-4.0,2.0
1568.0,24842.0,7.0,0.0,29.0,17885.0,17.0,3.0
16494.0,18223.0,18.0,0.0,35.0,17936.0,-11.0,1.0
17846.0,18733.0,14.0,0.0,27.0,17990.0,-0.5,4.0
14999.0,23246.0,5.0,0.0,20.0,18045.0,11.5,4.0
17327.0,3639.0,1.0,2.0,28.0,18099.0,-12.5,3.0
9206.0,6785.0,11.0,1.0,27.0,18152.0,-11.0,1.0
11.0,4560.0,18.0,2.0,32.0,18204.0,-20.5,3.0
24117.0,18840.0,8.0,1.0,18.0,18254.0,-4.0,3.0
15899.0,21498.0,15.0,2.0,0.0,18309.0,1.5,0.0
9731.0,9410.0,24.0,0.0,32.0,18363.0,7.5,4.0
14989.0,4450.0,18.0,2.0,10.0,18414.0,2.5,4.0
16048.0,3495.0,7.0,0.0,29.0,18468.0,-1.0,0.0
22283.0,3419.0,0.0,2.0,24.0,18522.0,8.5,0.0
18069.0,1097.0,7.0,2.0,10.0,18575.0,-5.0,0.0
12780.0,18403.0,12.0,2.0,1.0,18628.0,-5.5,3.0
15792.0,2214.0,0.0,0.0,13.0,18682.0,-4.5,0.0
11480.0,24403.0,5.0,2.0,21.0,18735.0,10.5,3.0
9218.0,6846.0,11.0,1.0,0.0,18789.0,1.0,4.0
18383.0,21418.0,3.0,2.0,4.0,18839.0,5.5,0.0
23348.0,14994.0,14.0,2.0,9.0,18891.0,-14.0,2.0
8489.0,9449.0,5.0,2.0,30.0,18944.0,5.0,4.0
8181.0,1658.0,10.0,1.0,2.0,18996.0,0.5,0.0
6798.0,13496.0,13.0,2.0,20.0,19048.0,-15.0,0.0
13717.0,16838.0,23.0,1.0,18.0,19101.0,-4.5,3.0
13311.0,8558.0,1.0,2.0,12.0,19156.0,-5.5,3.0
14956.0,10533.0,4.0,0.0,17.0,19209.0,19.5,4.0
3026.0,19636.0,19.0,2.0,8.0,19262.0,8.5,2.0
11898.0,7743.0,3.0,1.0,39.0,19315.0,-1.5,1.0
945.0,21730.0,17.0,0.0,6.0,19368.0,2.0,4.0
4543.0,8470.0,19.0,0.0,4.0,19421.0,6.5,2.0
7067.0,14839.0,20.0,0.0,8.0,19472.0,0.0,3.0
17892.0,12712.0,3.0,1.0,33.0,19525.0,-5.5,2.0
21392.0,23963.0,3.0,0.0,13.0,19579.0,3.5,3.0
1943.0,20469.0,4.0,0.0,4.0,19634.0,12.5,1.0
18920.0,24104.0,16.0,1.0,21.0,19686.0,-14.0,1.0
6698.0,6742.0,23.0,1.0,39.0,19739.0,10.5,1.0
24651.0,15260.0,9.0,1.0,32.0,19791.0,-1.5,0.0
7155.0,21531.0,9.0,0.0,17.0,19844.0,13.0,4.0
13586.0,22431.0,8.0,2.0,7.0,19896.0,15.5,2.0
3316.0,14836.0,13.0,1.0,18.0,19949.0,-5.0,2.0
10723.0,20619.0,11.0,2.0,24.0,20002.0,12.0,0.0
20180.0,11656.0,10.0,1.0,2.0,20058.0,-18.5,0.0
16064.0,9822.0,20.0,0.0,5.0,20112.0,13.5,1.0
7748.0,11991.0,24.0,2.0,9.0,20164.0,-2.5,2.0
4607.0,15040.0,8.0,1.0,28.0,20217.0,-5.0,3.0
16018.0,15843.0,6.0,1.0,39.0,20270.0,-6.5,3.0
1354.0,11274.0,2.0,1.0,15.0,20324.0,5.5,2.0
19991.0,23210.0,5.0,0.0,12.0,20376.0,19.0,4.0
6304.0,23524.0,1.0,2.0,5.0,20430.0,-3.5,3.0
19668.0,9092.0,22.0,2.0,9.0,20481.0,-0.5,4.0
19457.0,1789.0,4.0,0.0,38.0,20533.0,16.5,1.0
15047.0,23490.0,7.0,0.0,28.0,20585.0,-15.0,4.0
15813.0,21070.0,13.0,1.0,34.0,20638.0,-8.5,2.0
6130.0,16404.0,9.0,0.0,31.0,20694.0,-0.5,3.0
20373.0,6367.0,2.0,1.0,34.0,20747.0,21.0,4.0
17916.0,12834.0,3.0,1.0,17.0,20798.0,19.0,2.0
8135.0,7679.0,21.0,2.0,36.0,20852.0,5.5,3.0
405.0,12779.0,16.0,1.0,26.0,20905.0,-7.0,0.0
4101.0,7.0,20.0,0.0,2.0,20959.0,19.5,4.0
3597.0,16239.0,20.0,0.0,18.0,21006.0,-3.0,3.0
8269.0,8351.0,0.0,1.0,11.0,21060.0,-12.0,2.0
2492.0,23216.0,18.0,0.0,34.0,21112.0,5.5,0.0
20641.0,7710.0,9.0,0.0,22.0,21166.0,12.0,2.0
22091.0,8708.0,8.0,1.0,32.0,21219.0,-6.0,1.0
16216.0,23085.0,23.0,1.0,37.0,21271.0,-10.0,3.0
12392.0,22715.0,15.0,1.0,13.0,21325.0,11.5,2.0
19994.0,4475.0,18.0,2.0,15.0,21381.0,-2.5,2.0
23397.0,15238.0,15.0,0.0,18.0,21435.0,9.0,3.0
6975.0,1881.0,17.0,0.0,37.0,21490.0,9.5,3.0
5105.0,11277.0,8.0,0.0,6.0,21542.0,11.5,2.0
2160.0,15303.0,22.0,1.0,21.0,21595.0,1.5,1.0
7516.0,10832.0,18.0,1.0,17.0,21649.0,18.5,2.0
5547.0,19740.0,7.0,0.0,8.0,21702.0,-1.5,0.0
5630.0,13902.0,21.0,2.0,11.0,21752.0,-20.0,1.0
17138.0,15193.0,21.0,1.0,39.0,21805.0,0.5,2.0
24447.0,20487.0,17.0,0.0,28.0,21858.0,-3.5,4.0
11931.0,1661.0,16.0,2.0,33.0,21913.0,-18.5,0.0
13967.0,5589.0,5.0,1.0,28.0,21966.0,17.5,1.0
14928.0,4145.0,16.0,1.0,29.0,22019.0,-7.5,1.0
24190.0,19206.0,10.0,0.0,12.0,22072.0,-6.5,4.0
1128.0,22645.0,21.0,2.0,29.0,22127.0,-17.5,3.0
5117.0,11338.0,8.0,0.0,18.0,22180.0,-1.5,0.0
20531.0,7160.0,6.0,1.0,32.0,22234.0,-22.0,3.0
6747.0,6986.0,24.0,2.0,8.0,22286.0,-16.0,1.0
23138.0,7691.0,21.0,2.0,39.0,22336.0,3.0,4.0
4079.0,6150.0,7.0,2.0,20.0,22390.0,-2.0,2.0
8947.0,24238.0,17.0,1.0,8.0,22440.0,8.0,3.0
22115.0,8830.0,8.0,1.0,16.0,22494.0,-7.0,2.0
2959.0,6800.0,17.0,0.0,20.0,22547.0,-8.0,3.0
10854.0,15025.0,2.0,2.0,35.0,22599.0,-8.0,1.0
5175.0,5378.0,22.0,2.0,36.0,22653.0,5.5,0.0
20296.0,24736.0,13.0,1.0,37.0,22706.0,-4.0,0.0
15594.0,19972.0,8.0,0.0,15.0,22761.0,-0.5,4.0
442.0,12962.0,16.0,2.0,23.0,22813.0,4.5,3.0
9215.0,581.0,23.0,2.0,37.0,22865.0,-2.0,0.0
1290.0,4704.0,13.0,1.0,31.0,22918.0,18.0,1.0
11040.0,22206.0,19.0,1.0,22.0,22970.0,1.0,4.0
22842.0,24961.0,1.0,2.0,23.0,23025.0,10.5,3.0
21068.0,9846.0,20.0,0.0,10.0,23078.0,8.5,4.0
15096.0,23735.0,8.0,1.0,37.0,23132.0,8.0,0.0
14300.0,13502.0,0.0,2.0,1.0,23186.0,-4.0,1.0
3054.0,1023.0,7.0,2.0,35.0,23239.0,-14.5,1.0
15734.0,8174.0,11.0,1.0,35.0,23291.0,13.5,0.0
11715.0,6828.0,23.0,1.0,16.0,23346.0,-7.5,1.0
371.0,18861.0,2.0,0.0,33.0,23399.0,-15.0,0.0
16079.0,16148.0,7.0,2.0,20.0,23450.0,4.0,1.0
18212.0,20564.0,23.0,2.0,33.0,23504.0,11.5,3.0
16146.0,3984.0,9.0,2.0,7.0,23559.0,-5.0,1.0
19256.0,13282.0,24.0,1.0,37.0,23611.0,18.0,3.0
11916.0,20335.0,3.0,0.0,17.0,23664.0,-8.5,0.0
3503.0,22016.0,5.0,0.0,4.0,23717.0,-21.5,0.0
3390.0,15202.0,15.0,0.0,11.0,23769.0,-8.0,3.0
20952.0,21766.0,17.0,0.0,14.0,23822.0,-6.0,4.0
15566.0,13584.0,20.0,1.0,27.0,23877.0,-2.5,1.0
21606.0,12532.0,8.0,2.0,27.0,23931.0,-10.5,4.0
23446.0,15483.0,17.0,0.0,27.0,23986.0,-17.5,3.0
5462.0,19313.0,4.0,1.0,3.0,24040.0,14.5,2.0
2029.0,20896.0,6.0,2.0,10.0,24091.0,-2.5,0.0
22521.0,17109.0,6.0,1.0,22.0,24144.0,-6.0,1.0
1314.0,4826.0,13.0,1.0,16.0,24198.0,-8.0,1.0
22784.0,5921.0,13.0,0.0,5.0,24250.0,3.0,3.0
21303.0,17271.0,13.0,0.0,5.0,24303.0,-9.5,2.0
6249.0,10749.0,24.0,0.0,30.0,24356.0,17.5,1.0
11996.0,8232.0,5.0,0.0,17.0,24410.0,-5.0,2.0
22918.0,6593.0,16.0,2.0,19.0,24462.0,11.0,2.0
23391.0,2708.0,15.0,1.0,12.0,24516.0,3.5,1.0
22790.0,18452.0,13.0,2.0,11.0,24570.0,9.0,4.0
5489.0,700.0,18.0,1.0,30.0,24625.0,-8.5,0.0
5865.0,21327.0,15.0,1.0,6.0,24677.0,-13.0,4.0
8291.0,2207.0,13.0,0.0,32.0,24729.0,-15.5,4.0
22143.0,15217.0,21.0,1.0,4.0,24782.0,-5.0,0.0
6795.0,7231.0,0.0,0.0,17.0,24836.0,7.0,2.0
21624.0,123.0,9.0,1.0,5.0,24888.0,7.5,3.0
1003.0,15769.0,6.0,1.0,24.0,24939.0,9.0,4.0
4308.0,1045.0,1.0,1.0,9.0,24990.0,-0.5,3.0
15914.0,2824.0,3.0,1.0,15.0,25041.0,16.0,1.0
20196.0,17982.0,23.0,0.0,17.0,25094.0,-3.5,1.0
1528.0,18394.0,19.0,0.0,29.0,25149.0,2.5,2.0
19286.0,935.0,0.0,0.0,27.0,25202.0,-2.5,0.0
7845.0,12480.0,2.0,0.0,26.0,25254.0,-6.0,3.0
1580.0,24903.0,7.0,0.0,1.0,25308.0,4.5,1.0
9865.0,10081.0,2.0,2.0,7.0,25360.0,-10.0,3.0
17077.0,14888.0,20.0,0.0,18.0,25412.0,14.5,4.0
7589.0,11198.0,20.0,2.0,10.0,25466.0,-9.0,3.0
15777.0,20887.0,12.0,0.0,38.0,25521.0,5.5,4.0
1015.0,15830.0,6.0,1.0,36.0,25576.0,-3.5,2.0
22680.0,17903.0,10.0,0.0,21.0,25628.0,0.5,1.0
15145.0,23979.0,9.0,2.0,6.0,25683.0,-18.5,0.0
12786.0,5934.0,13.0,0.0,7.0,25735.0,0.5,0.0
24978.0,10643.0,5.0,1.0,39.0,25788.0,-3.5,3.0
11095.0,9980.0,20.0,0.0,36.0,25842.0,5.0,0.0
5514.0,822.0,18.0,1.0,15.0,25896.0,-9.5,1.0
17608.0,5043.0,8.0,1.0,29.0,25949.0,14.5,3.0
6753.0,19517.0,24.0,0.0,14.0,26001.0,14.5,2.0
7323.0,16120.0,1.0,1.0,24.0,26055.0,-21.5,3.0
3695.0,16728.0,23.0,1.0,36.0,26107.0,18.5,4.0
5242.0,18214.0,24.0,1.0,23.0,26161.0,-3.0,0.0
21340.0,17454.0,14.0,0.0,1.0,26215.0,-23.0,0.0
11364.0,11323.0,2.0,1.0,25.0,26267.0,-4.0,3.0
9688.0,21696.0,23.0,1.0,30.0,26321.0,15.5,0.0
689.0,20448.0,10.0,2.0,30.0,26375.0,-1.5,4.0
18740.0,4454.0,24.0,0.0,1.0,26428.0,8.5,0.0
23217.0,20588.0,23.0,2.0,38.0,26481.0,6.5,1.0
23495.0,15727.0,18.0,1.0,36.0,26536.0,5.5,4.0
3948.0,11744.0,17.0,0.0,9.0,26591.0,-6.0,1.0
23952.0,5516.0,4.0,0.0,13.0,26644.0,8.0,2.0
17882.0,18916.0,15.0,0.0,24.0,26697.0,10.5,2.0
20113.0,23820.0,8.0,1.0,14.0,26752.0,-10.0,0.0
15020.0,17103.0,18.0,1.0,1.0,26806.0,8.0,1.0
11977.0,20640.0,5.0,1.0,38.0,26858.0,1.5,3.0
20360.0,6306.0,2.0,1.0,22.0,26912.0,-15.5,1.0
24544.0,20976.0,19.0,2.0,6.0,26966.0,17.5,0.0
8904.0,11524.0,16.0,2.0,5.0,27019.0,-10.0,3.0
7815.0,24827.0,1.0,1.0,36.0,27071.0,14.0,1.0
5651.0,7759.0,9.0,0.0,32.0,27122.0,1.5,3.0
11788.0,7194.0,0.0,2.0,9.0,27174.0,-10.0,2.0
10601.0,20008.0,8.0,0.0,22.0,27226.0,-8.0,4.0
11465.0,18077.0,17.0,2.0,6.0,27280.0,20.0,2.0
23754.0,23274.0,12.0,1.0,15.0,27332.0,-13.0,2.0
6844.0,7475.0,2.0,0.0,25.0,27387.0,-20.0,2.0
20110.0,17555.0,21.0,2.0,11.0,27439.0,12.0,2.0
22927.0,389.0,4.0,0.0,28.0,27494.0,20.0,1.0
24670.0,2851.0,10.0,0.0,11.0,27545.0,-8.0,4.0
9713.0,21818.0,23.0,1.0,14.0,27598.0,-10.5,0.0
12432.0,4164.0,4.0,1.0,13.0,27652.0,1.0,3.0
17202.0,21763.0,10.0,1.0,23.0,27705.0,13.5,3.0
8398.0,21492.0,3.0,2.0,19.0,27759.0,-10.5,4.0
20394.0,224.0,15.0,0.0,15.0,27812.0,17.5,1.0
12566.0,4835.0,7.0,0.0,27.0,27864.0,8.5,2.0
19289.0,7200.0,13.0,2.0,30.0,27917.0,1.0,3.0
24938.0,4194.0,16.0,1.0,39.0,27971.0,7.0,2.0
13888.0,17692.0,3.0,1.0,29.0,28024.0,-11.0,4.0
20513.0,19569.0,6.0,2.0,14.0,28079.0,10.0,4.0
4189.0,6700.0,10.0,1.0,10.0,28132.0,7.0,0.0
24291.0,959.0,0.0,0.0,32.0,28185.0,17.5,3.0
15194.0,24223.0,10.0,0.0,15.0,28237.0,4.5,1.0
11272.0,23365.0,0.0,1.0,13.0,28293.0,-19.5,3.0
21902.0,20262.0,3.0,0.0,3.0,28347.0,6.5,1.0
6457.0,11787.0,4.0,0.0,38.0,28400.0,-2.5,1.0
24312.0,19816.0,13.0,1.0,14.0,28452.0,14.0,0.0
9844.0,16224.0,14.0,1.0,25.0,28508.0,-5.5,1.0
22426.0,22886.0,16.0,2.0,8.0,28562.0,0.0,4.0
21435.0,11677.0,4.0,2.0,16.0,28614.0,-4.5,2.0
16244.0,4472.0,12.0,0.0,25.0,28668.0,16.5,2.0
16228.0,23146.0,24.0,1.0,9.0,28721.0,1.5,1.0
5764.0,14573.0,0.0,1.0,25.0,28775.0,12.5,4.0
19225.0,630.0,24.0,2.0,6.0,28828.0,12.5,2.0
15987.0,3190.0,5.0,2.0,8.0,28880.0,13.5,2.0
5425.0,19129.0,4.0,1.0,6.0,28931.0,3.5,4.0
21914.0,20323.0,3.0,0.0,15.0,28983.0,-6.0,3.0
24828.0,3645.0,14.0,2.0,9.0,29037.0,-1.5,3.0
23543.0,15971.0,19.0,2.0,5.0,29090.0,-21.0,4.0
2434.0,4176.0,4.0,1.0,16.0,29144.0,-2.0,0.0
20876.0,15135.0,2.0,2.0,17.0,29195.0,-6.0,0.0
13244.0,20722.0,24.0,0.0,25.0,29248.0,3.0,3.0
13912.0,17814.0,3.0,1.0,13.0,29303.0,13.0,0.0
7256.0,3285.0,24.0,1.0,37.0,29357.0,-13.0,3.0
2651.0,24009.0,22.0,2.0,32.0,29409.0,-12.5,4.0
9472.0,1863.0,5.0,0.0,13.0,29462.0,1.5,1.0
12093.0,8720.0,8.0,1.0,34.0,29514.0,16.0,3.0
19890.0,16456.0,15.0,2.0,32.0,29566.0,-5.0,0.0
17238.0,21946.0,11.0,2.0,20.0,29622.0,0.0,1.0
13512.0,22065.0,6.0,1.0,13.0,29677.0,-7.0,1.0
18087.0,13688.0,8.0,1.0,28.0,29729.0,13.0,4.0
15337.0,18690.0,1.0,2.0,38.0,29784.0,-3.5,4.0
14638.0,8946.0,21.0,2.0,20.0,29838.0,6.0,1.0
365.0,6330.0,2.0,1.0,26.0,29892.0,4.0,4.0
6893.0,7719.0,3.0,1.0,34.0,29942.0,3.5,3.0
18597.0,9986.0,8.0,0.0,18.0,29993.0,16.5,1.0
19851.0,10008.0,2.0,2.0,32.0,30046.0,5.5,4.0
20031.0,4658.0,19.0,2.0,12.0,30099.0,-16.5,0.0
3512.0,15812.0,18.0,1.0,13.0,30153.0,-12.5,4.0
4668.0,15345.0,10.0,1.0,9.0,30208.0,5.0,1.0
7876.0,132.0,2.0,2.0,17.0,30260.0,-0.5,4.0
22509.0,17048.0,6.0,1.0,10.0,30311.0,-18.5,4.0
7943.0,12968.0,4.0,2.0,4.0,30364.0,16.0,4.0
23553.0,9767.0,7.0,0.0,14.0,30415.0,-12.0,4.0
3713.0,4319.0,23.0,0.0,14.0,30469.0,-13.5,3.0
7799.0,18501.0,13.0,2.0,21.0,30520.0,-1.5,0.0
20186.0,24186.0,10.0,2.0,8.0,30574.0,-12.5,1.0
249.0,18251.0,24.0,1.0,30.0,30627.0,14.5,4.0
7363.0,22569.0,15.0,1.0,24.0,30681.0,-7.0,4.0
902.0,9016.0,15.0,0.0,4.0,30735.0,-15.5,0.0
15243.0,24467.0,11.0,0.0,24.0,30784.0,3.0,1.0
9759.0,15797.0,12.0,0.0,20.0,30837.0,-15.5,2.0
18825.0,4881.0,1.0,2.0,7.0,30891.0,-7.5,3.0
1818.0,13594.0,13.0,2.0,39.0,30943.0,-11.0,2.0
18111.0,13810.0,8.0,1.0,12.0,30997.0,-13.0,4.0
2080.0,2406.0,20.0,2.0,22.0,31049.0,-1.5,4.0
13100.0,1255.0,8.0,0.0,1.0,31102.0,-13.5,0.0
10546.0,7234.0,7.0,1.0,7.0,31155.0,-12.5,2.0
3792.0,17216.0,0.0,0.0,14.0,31207.0,15.0,0.0
2215.0,3077.0,23.0,1.0,36.0,31258.0,-19.0,2.0
15188.0,11692.0,10.0,1.0,9.0,31310.0,-1.5,4.0
2087.0,14936.0,20.0,0.0,28.0,31365.0,-20.0,0.0
22286.0,9684.0,13.0,1.0,27.0,31418.0,-13.0,3.0
10161.0,17811.0,22.0,0.0,23.0,31472.0,7.5,4.0
88.0,11192.0,8.0,2.0,29.0,31526.0,4.5,2.0
1440.0,11701.0,4.0,0.0,21.0,31577.0,15.5,1.0
23592.0,16215.0,20.0,0.0,13.0,31629.0,2.5,0.0
921.0,21607.0,16.0,2.0,22.0,31684.0,2.5,4.0
17800.0,24754.0,0.0,1.0,21.0,31737.0,4.5,2.0
8605.0,22529.0,8.0,2.0,26.0,31791.0,-5.5,4.0
7711.0,11808.0,23.0,1.0,12.0,31843.0,11.5,4.0
24493.0,14466.0,5.0,2.0,34.0,31897.0,16.5,1.0
18325.0,2378.0,14.0,0.0,26.0,31950.0,-1.5,0.0
23583.0,22419.0,8.0,2.0,4.0,32005.0,-6.5,0.0
24642.0,21464.0,21.0,0.0,23.0,32057.0,14.5,1.0
5877.0,21388.0,15.0,2.0,18.0,32112.0,-0.5,1.0
1662.0,19065.0,22.0,2.0,3.0,32164.0,10.0,1.0
21374.0,11372.0,2.0,2.0,35.0,32217.0,10.5,4.0
24386.0,20182.0,15.0,2.0,7.0,32270.0,11.0,1.0
20074.0,17372.0,20.0,2.0,15.0,32322.0,0.5,4.0
17812.0,24815.0,1.0,1.0,33.0,32377.0,-8.5,0.0
1977.0,14387.0,17.0,2.0,38.0,32431.0,-4.0,1.0
6942.0,7963.0,4.0,2.0,3.0,32485.0,1.5,3.0
17083.0,2418.0,20.0,2.0,24.0,32534.0,-4.0,0.0
16775.0,19627.0,0.0,1.0,36.0,32587.0,-8.5,1.0
15392.0,6465.0,3.0,2.0,13.0,32642.0,1.0,1.0
22311.0,9806.0,13.0,1.0,12.0,32693.0,11.0,4.0
21905.0,1527.0,16.0,2.0,6.0,32746.0,10.0,4.0
23550.0,3501.0,19.0,0.0,11.0,32798.0,10.0,1.0
11620.0,12605.0,8.0,2.0,1.0,32851.0,-1.5,3.0
20492.0,712.0,18.0,1.0,33.0,32905.0,14.0,2.0
9539.0,14698.0,6.0,2.0,0.0,32958.0,17.5,0.0
13137.0,1438.0,9.0,0.0,38.0,33009.0,-2.5,3.0
15661.0,7807.0,9.0,0.0,2.0,33060.0,16.0,4.0
1485.0,5680.0,18.0,1.0,26.0,33112.0,10.5,3.0
4986.0,16932.0,18.0,0.0,7.0,33165.0,-6.0,4.0
10537.0,13438.0,19.0,0.0,38.0,33217.0,-21.5,3.0
2514.0,17073.0,6.0,1.0,15.0,33271.0,1.5,2.0
15291.0,24711.0,13.0,1.0,33.0,33321.0,1.0,2.0
8245.0,8229.0,24.0,1.0,26.0,33377.0,-11.0,1.0
15749.0,14500.0,24.0,0.0,10.0,33429.0,3.5,0.0
22179.0,15400.0,22.0,2.0,0.0,33484.0,-18.5,3.0
11910.0,7804.0,3.0,1.0,11.0,33538.0,-15.0,3.0
19317.0,13587.0,1.0,2.0,18.0,33590.0,3.0,1.0
3774.0,4624.0,0.0,1.0,35.0,33644.0,-3.0,1.0
24657.0,2790.0,9.0,0.0,38.0,33696.0,4.5,2.0
16341.0,4960.0,14.0,2.0,2.0,33750.0,13.5,3.0
13201.0,8009.0,23.0,0.0,22.0,33803.0,11.0,4.0
24612.0,8811.0,21.0,1.0,33.0,33856.0,9.5,4.0
9948.0,4243.0,17.0,1.0,9.0,33910.0,-3.5,3.0
3585.0,16178.0,20.0,2.0,6.0,33963.0,-15.0,0.0
14898.0,16493.0,15.0,2.0,39.0,34015.0,-13.0,4.0
3261.0,2061.0,12.0,2.0,3.0,34069.0,15.5,0.0
3051.0,19758.0,19.0,0.0,32.0,34120.0,7.5,3.0
23641.0,16459.0,21.0,0.0,22.0,34174.0,0.5,0.0
24407.0,14039.0,3.0,1.0,28.0,34228.0,7.5,3.0
14724.0,9373.0,24.0,0.0,25.0,34281.0,15.0,4.0
3966.0,24336.0,17.0,1.0,28.0,34335.0,-13.0,0.0
1510.0,5802.0,18.0,1.0,11.0,34387.0,-15.5,3.0
16729.0,648.0,11.0,2.0,30.0,34440.0,-4.0,4.0
8999.0,5747.0,5.0,1.0,20.0,34493.0,9.0,1.0
12694.0,17976.0,10.0,0.0,36.0,34545.0,-14.5,0.0
12191.0,9208.0,10.0,0.0,12.0,34599.0,12.5,4.0
16863.0,1319.0,15.0,1.0,4.0,34653.0,4.0,3.0
11086.0,16184.0,8.0,2.0,27.0,34706.0,-4.0,1.0
4235.0,679.0,24.0,2.0,16.0,34760.0,2.0,3.0
5685.0,1676.0,23.0,1.0,26.0,34812.0,-15.5,2.0
24810.0,16053.0,13.0,1.0,31.0,34866.0,-20.0,4.0
20986.0,15684.0,5.0,1.0,7.0,34919.0,2.5,3.0
3588.0,22444.0,8.0,2.0,9.0,34972.0,-12.0,3.0
6991.0,8207.0,5.0,0.0,12.0,35024.0,0.0,4.0
15569.0,19850.0,7.0,0.0,30.0,35077.0,0.5,4.0
13698.0,4246.0,23.0,0.0,0.0,35131.0,-22.5,4.0
10754.0,8271.0,12.0,1.0,15.0,35182.0,17.5,2.0
16109.0,3800.0,8.0,1.0,10.0,35236.0,9.0,3.0
14141.0,12709.0,21.0,0.0,2.0,35290.0,-10.5,1.0
14223.0,6871.0,11.0,2.0,4.0,35343.0,-4.0,2.0
732.0,8161.0,11.0,1.0,33.0,35395.0,-9.5,3.0
8041.0,13456.0,6.0,0.0,22.0,35446.0,12.0,0.0
20525.0,19630.0,6.0,2.0,26.0,35500.0,-3.0,2.0
22561.0,23558.0,19.0,1.0,22.0,35554.0,8.5,3.0
23522.0,22114.0,6.0,1.0,23.0,35609.0,-17.5,2.0
7784.0,12174.0,0.0,2.0,5.0,35663.0,9.0,0.0
9722.0,15614.0,11.0,2.0,23.0,35715.0,-1.5,0.0
13711.0,4307.0,23.0,0.0,12.0,35769.0,14.0,1.0
4125.0,129.0,21.0,1.0,26.0,35822.0,-6.5,4.0
15340.0,24955.0,14.0,2.0,1.0,35873.0,-1.0,2.0
6731.0,660.0,11.0,2.0,32.0,35927.0,-6.5,0.0
12673.0,24119.0,22.0,2.0,14.0,35977.0,-11.0,3.0
17541.0,17207.0,6.0,1.0,2.0,36031.0,-2.0,4.0
5709.0,1799.0,23.0,1.0,10.0,36084.0,8.5,3.0
11553.0,24769.0,7.0,0.0,14.0,36137.0,7.5,4.0
19448.0,7994.0,17.0,2.0,29.0,36192.0,7.5,2.0
13769.0,23347.0,12.0,1.0,30.0,36244.0,-3.5,1.0
3890.0,17704.0,3.0,1.0,31.0,36299.0,11.5,1.0
24187.0,12940.0,23.0,0.0,8.0,36353.0,-10.0,0.0
9035.0,5931.0,6.0,2.0,17.0,36406.0,-5.0,4.0
17809.0,18550.0,13.0,2.0,30.0,36458.0,14.0,2.0
9884.0,22673.0,3.0,1.0,25.0,36511.0,8.0,2.0
19634.0,15174.0,9.0,1.0,15.0,36564.0,-8.5,0.0
6435.0,17930.0,16.0,2.0,16.0,36619.0,1.0,4.0
4662.0,2815.0,9.0,0.0,3.0,36673.0,-0.5,0.0
23690.0,16703.0,23.0,1.0,31.0,36724.0,-1.0,1.0
22893.0,6471.0,15.0,2.0,35.0,36779.0,-13.0,2.0
11648.0,18992.0,22.0,2.0,29.0,36833.0,1.0,2.0
24328.0,1142.0,1.0,1.0,29.0,36888.0,3.5,1.0
20309.0,24797.0,13.0,1.0,10.0,36941.0,7.5,2.0
8965.0,11830.0,17.0,0.0,26.0,36996.0,1.0,2.0
24673.0,9117.0,22.0,2.0,14.0,37049.0,19.5,2.0
1806.0,13533.0,13.0,2.0,27.0,37102.0,2.5,4.0
24740.0,21952.0,24.0,2.0,1.0,37156.0,11.0,2.0
2849.0,6251.0,14.0,1.0,31.0,37211.0,8.0,4.0
20510.0,13304.0,18.0,0.0,11.0,37264.0,-18.0,1.0
12096.0,14985.0,20.0,0.0,37.0,37319.0,-5.5,1.0
11983.0,8171.0,5.0,2.0,5.0,37372.0,-17.5,4.0
4546.0,14735.0,7.0,0.0,7.0,37424.0,10.0,0.0
24160.0,6553.0,9.0,1.0,21.0,37475.0,-12.0,2.0
5199.0,5500.0,23.0,2.0,20.0,37528.0,5.0,0.0
7040.0,8451.0,6.0,0.0,21.0,37580.0,-2.0,4.0
14056.0,12281.0,19.0,1.0,37.0,37633.0,5.0,3.0
10622.0,13865.0,21.0,1.0,3.0,37688.0,-12.0,1.0
6115.0,10078.0,21.0,1.0,16.0,37742.0,10.0,3.0
9908.0,22795.0,3.0,1.0,9.0,37796.0,-18.0,2.0
6377.0,23890.0,2.0,0.0,38.0,37847.0,19.0,4.0
4897.0,10240.0,3.0,0.0,38.0,37899.0,-18.5,3.0
14843.0,3718.0,14.0,0.0,24.0,37952.0,7.5,3.0
20589.0,1200.0,20.0,0.0,10.0,38006.0,10.0,3.0
6512.0,24562.0,6.0,2.0,13.0,38061.0,1.5,3.0
6985.0,20677.0,5.0,1.0,6.0,38113.0,18.5,2.0
6383.0,11421.0,3.0,2.0,5.0,38164.0,0.0,0.0
14083.0,18669.0,8.0,1.0,24.0,38216.0,7.0,1.0
14458.0,14295.0,4.0,1.0,39.0,38269.0,3.0,0.0
16884.0,20176.0,3.0,2.0,26.0,38324.0,0.0,0.0
5736.0,8186.0,11.0,1.0,38.0,38377.0,-14.5,1.0
15389.0,199.0,15.0,2.0,10.0,38430.0,-2.5,3.0
5218.0,18092.0,23.0,1.0,39.0,38483.0,-1.5,4.0
9597.0,8738.0,20.0,1.0,18.0,38536.0,0.0,0.0
12902.0,19013.0,15.0,0.0,3.0,38589.0,15.5,0.0
24508.0,20793.0,18.0,1.0,9.0,38641.0,6.5,2.0
3789.0,10951.0,13.0,0.0,11.0,38695.0,-13.0,2.0
10122.0,11363.0,8.0,0.0,23.0,38750.0,-6.5,3.0
2880.0,18904.0,15.0,0.0,21.0,38804.0,13.5,1.0
16439.0,5448.0,16.0,0.0,20.0,38858.0,10.0,4.0
10174.0,17872.0,22.0,0.0,35.0,38912.0,-5.5,2.0
18459.0,3050.0,17.0,2.0,0.0,38967.0,6.0,4.0
671.0,7856.0,10.0,0.0,12.0,39020.0,-19.5,0.0
16183.0,4167.0,10.0,2.0,4.0,39071.0,6.5,4.0
24370.0,13856.0,2.0,0.0,32.0,39124.0,-3.5,0.0
9609.0,8799.0,21.0,1.0,30.0,39178.0,-13.5,3.0
6274.0,10871.0,0.0,0.0,15.0,39230.0,16.5,2.0
23739.0,16947.0,24.0,2.0,0.0,39283.0,-3.5,1.0
21380.0,23902.0,2.0,0.0,1.0,39337.0,-9.0,1.0
8572.0,3611.0,20.0,1.0,33.0,39391.0,11.5,4.0
19689.0,2949.0,10.0,0.0,30.0,39443.0,-4.0,1.0
14107.0,18791.0,8.0,1.0,9.0,39497.0,6.5,2.0
1202.0,23011.0,23.0,0.0,23.0,39550.0,5.0,4.0
15346.0,12486.0,14.0,0.0,8.0,39605.0,-19.5,4.0
15917.0,9089.0,16.0,1.0,18.0,39658.0,-5.5,4.0
12289.0,9696.0,13.0,1.0,30.0,39710.0,9.0,0.0
13836.0,11183.0,14.0,1.0,17.0,39764.0,-12.0,1.0
4934.0,10423.0,4.0,0.0,35.0,39820.0,-7.5,1.0
19958.0,4292.0,17.0,1.0,19.0,39872.0,11.0,4.0
18282.0,14665.0,12.0,1.0,23.0,39925.0,6.0,1.0
9283.0,13417.0,0.0,2.0,24.0,39980.0,14.5,0.0
2334.0,22422.0,14.0,0.0,35.0,40032.0,-1.5,1.0
6811.0,13557.0,13.0,2.0,32.0,40084.0,-3.0,2.0
7088.0,8695.0,8.0,1.0,29.0,40138.0,-3.5,0.0
12542.0,4713.0,6.0,0.0,3.0,40190.0,9.0,2.0
7546.0,23484.0,19.0,0.0,7.0,40242.0,-1.5,3.0
1476.0,11885.0,5.0,0.0,17.0,40295.0,1.5,3.0
3707.0,16789.0,23.0,1.0,8.0,40348.0,6.0,1.0
23614.0,10072.0,8.0,1.0,35.0,40400.0,-2.0,2.0
20571.0,13609.0,20.0,1.0,32.0,40455.0,-8.0,4.0
3954.0,24275.0,17.0,1.0,15.0,40509.0,-0.5,2.0
8138.0,13945.0,9.0,2.0,39.0,40563.0,8.5,1.0
17498.0,4493.0,5.0,2.0,39.0,40616.0,-19.0,4.0
16408.0,17796.0,16.0,1.0,30.0,40669.0,4.5,2.0
14245.0,727.0,24.0,0.0,26.0,40724.0,16.5,4.0
20382.0,163.0,15.0,2.0,3.0,40776.0,-20.0,3.0
19195.0,12977.0,23.0,0.0,16.0,40827.0,7.0,0.0
20058.0,11045.0,7.0,2.0,39.0,40883.0,10.5,3.0
7348.0,16242.0,2.0,1.0,9.0,40937.0,2.5,3.0
15438.0,444.0,16.0,0.0,19.0,40989.0,-4.0,3.0
3704.0,10523.0,11.0,2.0,5.0,41041.0,2.5,3.0
6521.0,18357.0,18.0,0.0,22.0,41095.0,10.5,2.0
8263.0,20820.0,0.0,0.0,4.0,41149.0,7.0,0.0
18307.0,14787.0,13.0,1.0,8.0,41201.0,-20.0,1.0
21026.0,22132.0,19.0,1.0,7.0,41254.0,-8.5,4.0
796.0,14732.0,0.0,1.0,17.0,41307.0,4.0,4.0
16991.0,14460.0,18.0,2.0,12.0,41359.0,5.5,0.0
3988.0,18193.0,5.0,2.0,9.0,41414.0,8.0,2.0
21160.0,22804.0,22.0,0.0,21.0,41466.0,-1.0,3.0
2883.0,169.0,3.0,2.0,24.0,41520.0,-8.5,4.0
8532.0,22163.0,6.0,1.0,33.0,41570.0,-2.5,3.0
22481.0,10661.0,17.0,1.0,23.0,41623.0,4.5,0.0
4107.0,12538.0,21.0,2.0,8.0,41678.0,0.5,0.0
12783.0,24668.0,0.0,1.0,4.0,41732.0,-2.5,1.0
7885.0,18928.0,15.0,0.0,26.0,41785.0,-16.5,4.0
23788.0,17192.0,0.0,2.0,9.0,41837.0,-5.0,2.0
19866.0,16334.0,15.0,1.0,7.0,41890.0,-4.5,0.0
5495.0,13230.0,18.0,0.0,36.0,41945.0,-2.5,2.0
15050.0,4756.0,19.0,0.0,32.0,41997.0,-12.5,2.0
7906.0,12785.0,3.0,1.0,7.0,42051.0,4.5,1.0
18438.0,9193.0,4.0,1.0,19.0,42102.0,9.5,2.0
6020.0,15855.0,6.0,1.0,1.0,42156.0,-9.0,0.0
5028.0,4646.0,19.0,2.0,10.0,42207.0,11.5,4.0
24837.0,22441.0,1.0,0.0,19.0,42260.0,7.5,3.0
24822.0,16114.0,13.0,1.0,3.0,42314.0,17.5,2.0
14358.0,7542.0,14.0,1.0,19.0,42366.0,-21.5,1.0
2819.0,18598.0,13.0,2.0,0.0,42420.0,3.5,3.0
24581.0,21159.0,20.0,2.0,2.0,42473.0,4.0,3.0
14019.0,12098.0,18.0,1.0,0.0,42527.0,18.5,0.0
5508.0,13291.0,18.0,0.0,9.0,42580.0,9.5,4.0
8422.0,21614.0,3.0,2.0,3.0,42633.0,14.0,0.0
7137.0,8940.0,9.0,2.0,38.0,42684.0,-5.0,0.0
11028.0,22145.0,19.0,1.0,9.0,42736.0,14.0,1.0
4470.0,8103.0,17.0,2.0,11.0,42789.0,-15.5,1.0
21837.0,13691.0,14.0,2.0,19.0,42842.0,-6.5,4.0
22506.0,10783.0,18.0,1.0,7.0,42897.0,4.0,1.0
15850.0,21253.0,14.0,1.0,31.0,42951.0,3.0,0.0
11245.0,16978.0,12.0,2.0,26.0,43005.0,3.0,0.0
18066.0,19831.0,20.0,0.0,7.0,43061.0,16.5,2.0
20687.0,1689.0,23.0,1.0,28.0,43115.0,7.0,4.0
3484.0,9425.0,5.0,2.0,25.0,43168.0,10.5,1.0
832.0,14915.0,1.0,2.0,13.0,43220.0,15.5,2.0
22106.0,15034.0,21.0,1.0,7.0,43272.0,-16.0,2.0
1681.0,6657.0,22.0,1.0,22.0,43326.0,3.5,0.0
23931.0,11659.0,16.0,2.0,32.0,43379.0,12.0,0.0
23232.0,1914.0,11.0,2.0,13.0,43433.0,-4.0,2.0
8959.0,24299.0,17.0,1.0,20.0,43488.0,-5.5,0.0
15487.0,688.0,18.0,1.0,28.0,43542.0,-6.0,4.0
2190.0,2955.0,23.0,0.0,11.0,43595.0,7.0,2.0
3445.0,2976.0,17.0,2.0,26.0,43649.0,-3.5,0.0
3625.0,22627.0,9.0,2.0,6.0,43701.0,-0.5,1.0
12105.0,8781.0,8.0,1.0,7.0,43753.0,3.5,0.0
13262.0,8314.0,24.0,1.0,3.0,43805.0,-4.0,2.0
16469.0,18101.0,17.0,2.0,11.0,43858.0,15.0,0.0
6103.0,10017.0,20.0,0.0,4.0,43914.0,-2.5,0.0
16537.0,5937.0,19.0,2.0,38.0,43965.0,6.0,0.0
7146.0,2735.0,22.0,0.0,7.0,44019.0,4.0,0.0
12307.0,22288.0,13.0,0.0,8.0,44071.0,2.0,4.0
16393.0,11470.0,3.0,2.0,14.0,44126.0,14.5,2.0
3780.0,17155.0,0.0,2.0,1.0,44179.0,2.5,2.0
8843.0,11219.0,14.0,1.0,24.0,44228.0,5.0,0.0
15957.0,15538.0,4.0,1.0,18.0,44282.0,8.5,0.0
9496.0,1985.0,5.0,0.0,37.0,44336.0,0.5,1.0
23836.0,17436.0,1.0,0.0,18.0,44386.0,-6.5,2.0
18352.0,8766.0,2.0,0.0,14.0,44439.0,0.5,4.0
2419.0,22850.0,16.0,1.0,0.0,44492.0,8.5,4.0
10412.0,6562.0,3.0,2.0,33.0,44545.0,5.0,3.0
1705.0,6779.0,23.0,1.0,6.0,44597.0,3.0,0.0
10674.0,20375.0,10.0,2.0,15.0,44647.0,-10.5,0.0
21694.0,19224.0,23.0,0.0,35.0,44701.0,1.5,1.0
19140.0,202.0,21.0,1.0,1.0,44756.0,3.5,3.0
12386.0,10185.0,15.0,2.0,7.0,44809.0,6.0,1.0
10808.0,21046.0,13.0,1.0,30.0,44863.0,-3.0,4.0
23781.0,4661.0,0.0,1.0,3.0,44918.0,14.5,0.0
10680.0,7905.0,10.0,0.0,21.0,44969.0,-5.0,1.0
5880.0,2653.0,2.0,1.0,21.0,45023.0,2.0,4.0
18755.0,10780.0,12.0,0.0,16.0,45075.0,-2.0,0.0
8681.0,4161.0,22.0,2.0,22.0,45128.0,-4.5,3.0
10033.0,4670.0,19.0,2.0,14.0,45181.0,6.0,2.0
7186.0,9184.0,10.0,2.0,7.0,45235.0,18.0,1.0
9514.0,14576.0,6.0,2.0,16.0,45286.0,-6.5,0.0
1394.0,17723.0,15.0,1.0,15.0,45339.0,-5.0,3.0
17199.0,15498.0,23.0,2.0,20.0,45393.0,-14.5,0.0
16305.0,4777.0,13.0,1.0,6.0,45449.0,2.0,0.0
8086.0,7435.0,20.0,2.0,27.0,45501.0,7.5,2.0
1919.0,20347.0,3.0,0.0,20.0,45554.0,13.5,1.0
7177.0,15388.0,22.0,2.0,38.0,45606.0,8.5,1.0
8236.0,14433.0,11.0,0.0,17.0,45660.0,5.0,2.0
14471.0,14356.0,5.0,1.0,12.0,45714.0,-10.0,2.0
10256.0,12034.0,12.0,2.0,37.0,45766.0,1.0,2.0
4967.0,4341.0,17.0,1.0,29.0,45821.0,0.5,0.0
7979.0,13151.0,5.0,2.0,1.0,45875.0,2.0,2.0
3667.0,10340.0,10.0,1.0,8.0,45927.0,-8.5,0.0
1406.0,17784.0,16.0,1.0,27.0,45979.0,-17.5,1.0
10570.0,7356.0,7.0,1.0,32.0,46032.0,11.5,2.0
15536.0,932.0,19.0,2.0,37.0,46085.0,-7.5,4.0
677.0,20387.0,10.0,2.0,18.0,46138.0,11.5,1.0
368.0,12596.0,15.0,1.0,30.0,46191.0,7.0,2.0
23986.0,24433.0,18.0,2.0,7.0,46244.0,-9.0,2.0
5904.0,2775.0,3.0,1.0,5.0,46298.0,1.5,0.0
5498.0,19496.0,5.0,2.0,0.0,46349.0,0.5,0.0
7143.0,21470.0,9.0,0.0,4.0,46401.0,0.5,2.0
20214.0,5574.0,23.0,2.0,35.0,46451.0,14.5,0.0
4085.0,18681.0,8.0,1.0,27.0,46504.0,4.5,3.0
18133.0,7667.0,21.0,2.0,34.0,46557.0,8.5,1.0
24254.0,776.0,24.0,0.0,36.0,46665.0,-18.5,0.0
10079.0,23649.0,7.0,1.0,20.0,46717.0,1.5,4.0
13579.0,9901.0,7.0,0.0,1.0,46772.0,-15.5,0.0
19131.0,6407.0,9.0,0.0,32.0,46822.0,-5.5,4.0
19131.0,6407.0,9.0,0.0,32.0,46822.0,-5.5,4.0
11108.0,10041.0,21.0,1.0,9.0,46874.0,-7.5,3.0
23885.0,17680.0,3.0,1.0,26.0,46928.0,16.5,3.0
16839.0,1197.0,14.0,1.0,20.0,46982.0,5.0,2.0
24343.0,7469.0,14.0,0.0,4.0,47034.0,19.0,1.0
5773.0,8369.0,12.0,2.0,34.0,47086.0,-3.5,4.0
20504.0,773.0,18.0,1.0,5.0,47138.0,1.0,4.0
2910.0,6556.0,16.0,2.0,12.0,47191.0,-6.0,2.0
12368.0,22593.0,15.0,1.0,29.0,47243.0,-12.5,2.0
8251.0,20759.0,24.0,0.0,32.0,47297.0,20.5,3.0
24935.0,22929.0,4.0,2.0,36.0,47350.0,4.0,4.0
21795.0,978.0,13.0,0.0,16.0,47405.0,1.0,0.0
8205.0,1780.0,11.0,1.0,26.0,47458.0,0.0,0.0
18542.0,22212.0,6.0,1.0,3.0,47511.0,12.5,4.0
12179.0,9147.0,10.0,2.0,0.0,47562.0,1.0,1.0
23492.0,9461.0,5.0,2.0,33.0,47613.0,3.0,1.0
11855.0,20030.0,2.0,2.0,36.0,47666.0,-19.0,2.0
11645.0,12727.0,9.0,0.0,26.0,47719.0,-2.0,4.0
7235.0,9428.0,11.0,0.0,16.0,47773.0,-9.0,1.0
8001.0,7008.0,18.0,0.0,22.0,47825.0,-2.0,4.0
23318.0,2342.0,13.0,0.0,19.0,47879.0,-19.0,1.0
12560.0,17304.0,7.0,1.0,21.0,47932.0,2.5,1.0
10103.0,23771.0,8.0,1.0,5.0,47984.0,0.5,4.0
323.0,18617.0,1.0,2.0,24.0,48035.0,11.5,0.0
17593.0,23716.0,20.0,1.0,14.0,48086.0,-1.0,2.0
21288.0,10945.0,0.0,0.0,29.0,48141.0,0.5,1.0
20785.0,2177.0,0.0,2.0,6.0,48193.0,3.5,0.0
457.0,19288.0,4.0,1.0,38.0,48245.0,-5.5,4.0
19680.0,9153.0,22.0,2.0,21.0,48296.0,-13.0,2.0
12829.0,18647.0,14.0,2.0,10.0,48351.0,18.0,4.0
14278.0,19645.0,12.0,1.0,19.0,48406.0,0.0,3.0
8404.0,9022.0,3.0,0.0,25.0,48461.0,-4.0,1.0
4580.0,8653.0,20.0,1.0,1.0,48514.0,18.0,4.0
12182.0,15412.0,22.0,2.0,3.0,48564.0,3.5,4.0
15584.0,1176.0,20.0,2.0,6.0,48618.0,15.5,0.0
24163.0,12818.0,22.0,0.0,24.0,48670.0,16.5,0.0
22292.0,22215.0,13.0,0.0,33.0,48724.0,-7.5,0.0
19347.0,1240.0,2.0,1.0,8.0,48779.0,-16.5,3.0
24703.0,21769.0,23.0,1.0,4.0,48829.0,0.0,4.0
22735.0,5677.0,11.0,2.0,36.0,48883.0,5.0,2.0
22817.0,24839.0,1.0,1.0,38.0,48936.0,-13.5,3.0
9325.0,1130.0,1.0,1.0,26.0,48991.0,6.5,4.0
16634.0,6425.0,21.0,0.0,15.0,49042.0,2.5,1.0
4119.0,12599.0,21.0,2.0,20.0,49095.0,-12.5,3.0
6155.0,16526.0,9.0,0.0,16.0,49149.0,-1.5,4.0
7116.0,15083.0,21.0,1.0,17.0,49201.0,-1.5,3.0
16378.0,5143.0,15.0,2.0,39.0,49255.0,-0.5,1.0
18316.0,8583.0,1.0,2.0,17.0,49309.0,-10.5,1.0
22304.0,22276.0,13.0,0.0,6.0,49361.0,5.0,2.0
12719.0,18098.0,11.0,1.0,20.0,49416.0,-15.5,0.0
23934.0,17924.0,4.0,2.0,35.0,49471.0,-10.0,3.0
15325.0,18629.0,1.0,2.0,26.0,49525.0,-16.0,1.0
21267.0,17088.0,12.0,2.0,8.0,49579.0,5.0,4.0
1134.0,10176.0,21.0,1.0,36.0,49631.0,14.0,0.0
14303.0,19767.0,13.0,1.0,4.0,49685.0,-1.0,4.0
20147.0,17738.0,22.0,0.0,8.0,49739.0,-2.0,0.0
3042.0,962.0,6.0,2.0,23.0,49794.0,-1.5,3.0
22362.0,16316.0,2.0,1.0,24.0,49845.0,12.0,2.0
12484.0,10673.0,18.0,1.0,25.0,49897.0,2.0,2.0
7781.0,5909.0,12.0,0.0,2.0,49952.0,-19.5,1.0
17629.0,23899.0,21.0,2.0,10.0,50003.0,10.5,0.0
